From,To
0xee6f5b3a8ac0cc1a66789e6c3f3d4dbe15839f6a,0x1a1ec25dc08e98e5e93f1104b5e5cdd298707d31
0xdf913d2e88ba76896fc464ce3036256139ca2e58,0x7e506cc945b47ed08ac2d985f61b47ce4068823c
0x0565fc6bf3d43bd576ab571e4b18c5518643eeef,0x1b02da8cb0d097eb8d57a175b88c7d8b47997506
0xedfb52677a62269aa1e396a7b5ff0476a30e1f25,0x1b02da8cb0d097eb8d57a175b88c7d8b47997506
0xc628face552d113e80931ef1348de32f12cf783f,0xb6763afa0d5e572cb9f0f1c721b1ee5a8112cea8
0x42087c28f296d3b2dab56e3f5d1aca1388f2be5b,0xf2e4209afa4c3c9eaa3fb8e12eed25d8f328171c
0x43b1bcc4671c476975c7afe94cb05ecbb6bf91ea,0x1b02da8cb0d097eb8d57a175b88c7d8b47997506
0xeb8403366443ff0ec62c93ed88cb12fb01d4be76,0x1b02da8cb0d097eb8d57a175b88c7d8b47997506
0xd5e1382742ffbcf4ce84232eadb24c3f632e5a27,0x7e506cc945b47ed08ac2d985f61b47ce4068823c
0xb4cbcaaefc5108a97c237e626fc639f9adc410d4,0x32cf948788e80482ff05954685eb0c4edccd72f2
0xb4cbcaaefc5108a97c237e626fc639f9adc410d4,0xc126f02eb24893e0ce52a1074f28cbd7041fcd3c
0xd0ff6850dc7fa65eedb657c246d6008ec35862f2,0x2e7ccfe501a2208a1c97703cb989586b8efb12d1
0xea12d4a7f9812af8997fc20d1922a236167aa222,0x1b02da8cb0d097eb8d57a175b88c7d8b47997506
0xb8c57671cb4a9af69119db414f14285a415598b3,0x7e506cc945b47ed08ac2d985f61b47ce4068823c
0xcb5e3114ef98cd83d7d99e1f4994dacc29502a87,0xf329d15e72a6abed9f9290f1065312819f43727a
0x4b4caf935d2a251010470968ab53d3651d4b80b0,0x7e506cc945b47ed08ac2d985f61b47ce4068823c
0xac89788e5a1afbd7762ce12885992611cbbc79ed,0xd6ba32b8ed27a53ea13ef4780e1955574993e6da
0x037dfd569defbc08ae28001159b4c49f6d006cff,0xdef1c0ded9bec7f1a1670819833240f027b25eff
0x3a99aadc22981fac57c2ea0cea84766e33b577ef,0xc36442b4a4522e871399cd717abdd847ab11fe88
0xe22bbeeb930f08a8c761fee9eed0d9e97727b734,0x1b02da8cb0d097eb8d57a175b88c7d8b47997506
0x854e6fe557829a0eb5579873f7cd3bb402a6fc81,0x7e506cc945b47ed08ac2d985f61b47ce4068823c
0x473cb60b47e7ace72add0f8ce0085437aad0365d,0x7e506cc945b47ed08ac2d985f61b47ce4068823c
0x70c9666b338795ddab8f4bd67f580b1d9234b8dc,0x77535f89890c50be9b0dd5fc1045554fd2e85d9c
0xdeaa4face3159cb09049259f0abb77d15f46ad02,0x1b02da8cb0d097eb8d57a175b88c7d8b47997506
0x77535f89890c50be9b0dd5fc1045554fd2e85d9c,0x7e506cc945b47ed08ac2d985f61b47ce4068823c
0x51d18b8aee71d6e68fd5c08d160a23525bd9a6c5,0x1b02da8cb0d097eb8d57a175b88c7d8b47997506
0xa65a864ca19535e4c06000768c6cfa9f6ebaeb12,0x1b02da8cb0d097eb8d57a175b88c7d8b47997506
0xb51ed43feefc0b1d5b24d12b460325da42165c89,0x77579ce5fb5e4032c7ee778b7930a0f320bde62c
0x53174268198baedfb4eaefcbcb831e47ea9992ea,0x7e506cc945b47ed08ac2d985f61b47ce4068823c
0x09d6742b9acac4040bd5abae0ae1a057338f010c,0x7e506cc945b47ed08ac2d985f61b47ce4068823c
0x8b2856fbd13d98b30c7bd47114284dffb7d223c9,0xdef1c0ded9bec7f1a1670819833240f027b25eff
0x968a0e5603c5d4dbf24cbd7df562921d158ad19c,0x16fdf060032958b23d8a8e7f82c68f85d9db8a04
0x09d6742b9acac4040bd5abae0ae1a057338f010c,0x1b02da8cb0d097eb8d57a175b88c7d8b47997506
0x56f6bf6b793713c050fd02147a45b563bb4d8efa,0x216b4b4ba9f3e719726886d34a177484278bfcae
0x0cdb58985a7149f9428e627e1b6a75b2f369de9f,0x1b02da8cb0d097eb8d57a175b88c7d8b47997506
0xc85b3aeb633c826f6808b89fe27d866971921439,0x1b02da8cb0d097eb8d57a175b88c7d8b47997506
0xe2cdf066eee46b2c424dd1894b8ae33f153f533c,0x1b02da8cb0d097eb8d57a175b88c7d8b47997506
0xca0ed32a99a7531142fad2d46a890e52f78613e0,0x95bfb3e3b4cb60af4a30bf770290547a82040593
0xdba61bcfb729d10507baa37b41617ad72e897d62,0x8264d3c6e48f7a547368dcbd5153ec1898bf6fd4
0x15bc24cd1f69382118cdeb0d2edb7b175759c81b,0x7e506cc945b47ed08ac2d985f61b47ce4068823c
0x12b4bb798e2f9c54204a6ce1aaad3671b9dce594,0x1b02da8cb0d097eb8d57a175b88c7d8b47997506
0x87d9c2d9990a9f3a18f1377ff20d9945f9eb3792,0x47b0ec1bea7d8ecc7cf70c3bf82c5f5d15a96b6d
0x9f9b601d33ecb4798c5b51987c745c065178e573,0x1a1ec25dc08e98e5e93f1104b5e5cdd298707d31
0xc7d5ada49f1f95ba1ee2b28de28321a914c27504,0x1a1ec25dc08e98e5e93f1104b5e5cdd298707d31
0x098ab96efa30dcb35d5e09e373c0f132d3450be3,0x1b02da8cb0d097eb8d57a175b88c7d8b47997506
0xd77181b9a6f6a3c0690cf647b485a0c15e2de0c2,0x7e506cc945b47ed08ac2d985f61b47ce4068823c
0xd77181b9a6f6a3c0690cf647b485a0c15e2de0c2,0x1b02da8cb0d097eb8d57a175b88c7d8b47997506
0xfe927b3e60f81e2dff9b67fc0f6a312ca190f6d5,0x7e506cc945b47ed08ac2d985f61b47ce4068823c
0x7c10daaeee48bffc37d57c13edc68211bb2dee32,0x7e506cc945b47ed08ac2d985f61b47ce4068823c
0x3a8af25c320c22b81956017dd4c1e626eff16af7,0x1b02da8cb0d097eb8d57a175b88c7d8b47997506
0xc4c9f02c57e6403c688e60cc4009f4e5b5f08ab3,0x7e506cc945b47ed08ac2d985f61b47ce4068823c
0x414d47ba938404774eca722361c2dbb623aa5355,0x1b02da8cb0d097eb8d57a175b88c7d8b47997506
0xc3f9eef6028101cfb6884a0c7d6dfdab0556a53c,0x7e506cc945b47ed08ac2d985f61b47ce4068823c
0x28473085ba4aa761eb541914f50a75dd685cd47b,0x1b02da8cb0d097eb8d57a175b88c7d8b47997506
0xf53febd341cf7341df5972f6e978d225feba9a54,0x7e506cc945b47ed08ac2d985f61b47ce4068823c
0x678702d7322d4bf75b21440dc3c3adeb1edd92bd,0x1b02da8cb0d097eb8d57a175b88c7d8b47997506
0x739022b6695f7f8e62eb9fa59cdbe62cd8727f54,0x1b02da8cb0d097eb8d57a175b88c7d8b47997506
0x5ae0bf9b227b7b4b642543217fd365450e672716,0x1b02da8cb0d097eb8d57a175b88c7d8b47997506
0x3d32883c9abb86d516d62404810e771884bfc2d7,0x7e506cc945b47ed08ac2d985f61b47ce4068823c
0xef501540840861faae8aefed12d2847eccf68235,0xb31d1b1ea48ce4bf10ed697d44b747287e785ad4
0x6c7008dadc61225cd82b4d62519b97fdb547f290,0x7e506cc945b47ed08ac2d985f61b47ce4068823c
0x7363dad2f308609746216f71f8c0b0e952edd9ba,0x1111111254fb6c44bac0bed2854e76f90643097d
0x6978fe209b67a4dcc0de7d4514df7bbe9c7132a9,0x7e506cc945b47ed08ac2d985f61b47ce4068823c
0x8c6550f008152457dd358679a7d9136bc97bf122,0x1b02da8cb0d097eb8d57a175b88c7d8b47997506
0xa5b6e542d3b95df02f8890a1ac9ba9c10f8efb5f,0x7e506cc945b47ed08ac2d985f61b47ce4068823c
0xf9d5d6b9f2b26c9e63f84555497435f437a2f184,0x1b02da8cb0d097eb8d57a175b88c7d8b47997506
0x9096a1db0cbd112ceaa648542d3a361e925b2554,0x9096a1db0cbd112ceaa648542d3a361e925b2554
0xf4ef8afac7e48b0e923fc77dcfb8dabd80fefb82,0x1b02da8cb0d097eb8d57a175b88c7d8b47997506
0x1b850bfe517741ae8f45d6d072ca2774fed74f44,0x9747614f5aea986d046630809318e92f2e9a97fb
0x9747614f5aea986d046630809318e92f2e9a97fb,0x1b850bfe517741ae8f45d6d072ca2774fed74f44
0x77e65d47af2977830c208adef6c718c880460909,0x1a1ec25dc08e98e5e93f1104b5e5cdd298707d31
0x9bd3fc971f7bbea981e0a3a45a30b00e8a689391,0x7e506cc945b47ed08ac2d985f61b47ce4068823c
0xa0399162f6c6e1b4efa751aab2a517503f0ad2e6,0x7e506cc945b47ed08ac2d985f61b47ce4068823c
0x9096a1db0cbd112ceaa648542d3a361e925b2554,0xd83615352ade89ef165d9a4c496cef341a42b901
0x5f5f3a24de487ad0efddf6d7708264de91f0061d,0x1b02da8cb0d097eb8d57a175b88c7d8b47997506
0x2341b917dccbb2768bfe589a17c0f9f4b52e43ff,0x7e506cc945b47ed08ac2d985f61b47ce4068823c
0x9b7ad377947b189a62b706e96e88a81e53842f5f,0x7e506cc945b47ed08ac2d985f61b47ce4068823c
0xec116655412273869a83371a52aed4797ed4c825,0x1b02da8cb0d097eb8d57a175b88c7d8b47997506
0x7616f347b85c7a66f21fbaf4edadce45a4f1b04e,0x637f6f7cd0044749b8c4a2d5636296afa090f12f
0x561a6163df75f5cfe8d122bcb2173614b2004dc1,0x1b02da8cb0d097eb8d57a175b88c7d8b47997506
0x6155f0ba3bebc9002f3aa38393c748409a042d0c,0x48eff31bbf11ea425ca3a9e1cefa6917bcfb2e8d
0x4937da870aa9d96cc9a01286dae153eb00dc3f76,0x1b02da8cb0d097eb8d57a175b88c7d8b47997506
0xf40ae7a1b49f6aba3d3c48c2732b3dd2173012c1,0x1b02da8cb0d097eb8d57a175b88c7d8b47997506
0x3a99aadc22981fac57c2ea0cea84766e33b577ef,0x1b02da8cb0d097eb8d57a175b88c7d8b47997506
0x1dbf00bc3f40f551d79422a96367a6f58ae59412,0x635d7202b058ca37c57b6748f57b78a47f6e857c
0x635d7202b058ca37c57b6748f57b78a47f6e857c,0x7e506cc945b47ed08ac2d985f61b47ce4068823c
0xf33dd25344a3e3f7b869b5385fe1b502bcd05197,0x343a862d4ac126b672f80060ffc3de89a8ae6911
0x4324d7fc0b5c777b41e97f612e4bb8e9cecb15f3,0x7e506cc945b47ed08ac2d985f61b47ce4068823c
0x71c8c8072f7a52557e252219f4d69864e1547403,0x1b02da8cb0d097eb8d57a175b88c7d8b47997506
0xc8f30e436ccc3bc38e8a4fc111b7a88ec2327dd3,0x7e506cc945b47ed08ac2d985f61b47ce4068823c
0x1241be0cc67a6d88f5495c03da030be623e822f9,0x1b02da8cb0d097eb8d57a175b88c7d8b47997506
0xf7cf12a1c795ebe2533c533df5308a4bbd08634e,0x7e506cc945b47ed08ac2d985f61b47ce4068823c
0xae0eceb49b3b18b6d2fca4b1ecec9104c50f4b6e,0x1b02da8cb0d097eb8d57a175b88c7d8b47997506
0xd09c9911980ddc199752fefb611e5d9e634a2cff,0x1b02da8cb0d097eb8d57a175b88c7d8b47997506
0x2e7ccfe501a2208a1c97703cb989586b8efb12d1,0xd0ff6850dc7fa65eedb657c246d6008ec35862f2
0xab799f9807cf7c35c74387a3c20f53971e4b3478,0x1b02da8cb0d097eb8d57a175b88c7d8b47997506
0x632df601f9cacf85b14c63e92004f5bc6170a35c,0x1a1ec25dc08e98e5e93f1104b5e5cdd298707d31
0x8b98014819f95dfa353c69addf4e89a9b895c9c1,0x1b02da8cb0d097eb8d57a175b88c7d8b47997506
0x7cd228e96c7a88276171ab65b426ce77c5c1137a,0x1b02da8cb0d097eb8d57a175b88c7d8b47997506
0x4937da870aa9d96cc9a01286dae153eb00dc3f76,0x7e506cc945b47ed08ac2d985f61b47ce4068823c
0x72c6cf1e412fe50b480aba545ed2515b31c254fa,0x1a1ec25dc08e98e5e93f1104b5e5cdd298707d31
0xcf1bfd19b1ab67a251ed749c7084e68778b9405b,0x7e506cc945b47ed08ac2d985f61b47ce4068823c
0x1460a2de5f762793359e87ea067d960d1bcaf06e,0x1b02da8cb0d097eb8d57a175b88c7d8b47997506
0x57ce0a695aa4e8b813502988ab52e95521b381c7,0x7e506cc945b47ed08ac2d985f61b47ce4068823c
0xdb73682f8093b010fa81c988141f6efbeeaf4b7a,0x7e506cc945b47ed08ac2d985f61b47ce4068823c
0x212c676c7ac7fdf1f35904ce3ef191e6bb7d42c8,0x7e506cc945b47ed08ac2d985f61b47ce4068823c
0xd89b5f8c8294efda200cd35d6739c8090df3b2c8,0x7e506cc945b47ed08ac2d985f61b47ce4068823c
0xceb315ed3c36b31a63b90ad56b841e7fbc606d1e,0x7e506cc945b47ed08ac2d985f61b47ce4068823c
0x9c3e7f66311826769109ca1176dd6fcacbfc0438,0x1b02da8cb0d097eb8d57a175b88c7d8b47997506
0x97b0c3efb371d82f9bf926bc184ade252e9268fa,0x7e506cc945b47ed08ac2d985f61b47ce4068823c
0xd25c2dd35d38ce7fe71e2549f1c8822cbd318911,0x1b02da8cb0d097eb8d57a175b88c7d8b47997506
0xb0c257cfec51161af0553705506f1fcee686bd84,0x0a3be0fb9010d255fd450f102a359a1e5ee11454
0x0efe7ab3b5c5407a06ddca68c9b489a89714c9fd,0x0319000133d3ada02600f0875d2cf03d442c3367
0x23e797717d39ec7077a25af4010ec8a0e96d249d,0x1b02da8cb0d097eb8d57a175b88c7d8b47997506
0xef08bd7b7d7d930bc7ae238a05d94edb506ebb86,0x7e506cc945b47ed08ac2d985f61b47ce4068823c
0x8a87d40c562093ee7cfb2e91080ade46c524e422,0x4bf0b802fde4135df4b8cd055fd0641f744d69e7
0x834939f19c97d567d54ce736429b477ea706ef25,0x1b02da8cb0d097eb8d57a175b88c7d8b47997506
0x7e85f96990cf7f188f0a054e910fcddf3681048d,0x1b02da8cb0d097eb8d57a175b88c7d8b47997506
0x4b087ca2a7dbd887f3b339d4ae204ce6a3425051,0x7e506cc945b47ed08ac2d985f61b47ce4068823c
0xcaa8aef1f79b26d38c379a52b1137c4af7faceac,0x7e506cc945b47ed08ac2d985f61b47ce4068823c
0xcaa8aef1f79b26d38c379a52b1137c4af7faceac,0x7e506cc945b47ed08ac2d985f61b47ce4068823c
0xf8dcd350da385616daa05433389f937961e7b957,0x7e506cc945b47ed08ac2d985f61b47ce4068823c
0x242c34a1ba807d7f889fdc65532837ab7b3ed584,0x88d9456edb33affc3bd4385c064d3a505964c68a
0x7b8710fe78b7e2094ecaabf89724d05e7d103ec6,0x1b02da8cb0d097eb8d57a175b88c7d8b47997506
0x4501ca51c95f3f9dbd1614d30d3d22d6c9643b16,0x7e506cc945b47ed08ac2d985f61b47ce4068823c
0x19c20eb97e61e630b83c320d476de76e3d3c68f0,0x1b02da8cb0d097eb8d57a175b88c7d8b47997506
0x077efc443ef9564f681be78213b5786a95bc6d5f,0x7e506cc945b47ed08ac2d985f61b47ce4068823c
0x8fc87c199203332c1cc43430b9fad2b1868e44d0,0x1b02da8cb0d097eb8d57a175b88c7d8b47997506
0x1939ad35b0b9bba0fe4e386d28bd4f6a50f18ae4,0x7e506cc945b47ed08ac2d985f61b47ce4068823c
0x36b61ebf77c7c76ae9f4a2e7e69ed028e0fecf68,0x7e506cc945b47ed08ac2d985f61b47ce4068823c
0x387fa2703b9226e6f454e297a44f6c8803e22d8d,0xdf255a1c58100614969c4989f08251bec07577b0
0xdf255a1c58100614969c4989f08251bec07577b0,0x7e506cc945b47ed08ac2d985f61b47ce4068823c
0x87d9c2d9990a9f3a18f1377ff20d9945f9eb3792,0x47b0ec1bea7d8ecc7cf70c3bf82c5f5d15a96b6d
0x8aa3937dcb3fdf0a408e5d515c9b16582f439dfd,0x1b02da8cb0d097eb8d57a175b88c7d8b47997506
0x1758600174cefa3c9115784b43e845d2b2d4b36a,0x1b02da8cb0d097eb8d57a175b88c7d8b47997506
0x556dd674fa546a508601474f13d564114541c003,0x1a1ec25dc08e98e5e93f1104b5e5cdd298707d31
0x6a56699a6540e655d9bc55e20247d003795222d6,0x7e506cc945b47ed08ac2d985f61b47ce4068823c
0x6a56699a6540e655d9bc55e20247d003795222d6,0x7e506cc945b47ed08ac2d985f61b47ce4068823c
0x6a56699a6540e655d9bc55e20247d003795222d6,0x7e506cc945b47ed08ac2d985f61b47ce4068823c
0x0168d8e76bf2f7a2b12a8a9042452eeae18aab84,0x5b56fa8ead134837e1416de85c07a4dd53d79253
0x957c7b103f0bbd8203c3151c36393fa151a5c5ca,0x1b02da8cb0d097eb8d57a175b88c7d8b47997506
0x1b850bfe517741ae8f45d6d072ca2774fed74f44,0x9747614f5aea986d046630809318e92f2e9a97fb
0x8c0a10a977ce8c7cee4766239175bf49ffda5f43,0x7e506cc945b47ed08ac2d985f61b47ce4068823c
0xc8c1dd6dcdf925ade5382e12ad79b5b4ed54a294,0x1b02da8cb0d097eb8d57a175b88c7d8b47997506
0x22a6d8cb0341be600364dd4e40ae66edd53e85d4,0x7e506cc945b47ed08ac2d985f61b47ce4068823c
0xce91f17d8762ac42527d6a8c9567dd6f4c912013,0x1b02da8cb0d097eb8d57a175b88c7d8b47997506
0x38980cb3da2615e499626407c4b18613baf2e6d9,0x7e506cc945b47ed08ac2d985f61b47ce4068823c
0xb1f7fd48ceb2ba2e933d074c7457b30e84e4ad90,0x1b02da8cb0d097eb8d57a175b88c7d8b47997506
0xcaa8aef1f79b26d38c379a52b1137c4af7faceac,0x1b02da8cb0d097eb8d57a175b88c7d8b47997506
0x97993345e1087f2e762559dd0f999e482e895a6f,0xdef1c0ded9bec7f1a1670819833240f027b25eff
0x7d5384db9ccadb20fab146eea29cd5f7d7819a6a,0x1b02da8cb0d097eb8d57a175b88c7d8b47997506
0x13cfbe6132cc1453e6a0b5bfbfdf7f7e4d873aa6,0x7e506cc945b47ed08ac2d985f61b47ce4068823c
0xcd02f3b11ebc6d98ec3fad5d125c2571e67976cf,0x7e506cc945b47ed08ac2d985f61b47ce4068823c
0x4dd7719cb278a3e84029ab95e0c80514d8a76c15,0x1b02da8cb0d097eb8d57a175b88c7d8b47997506
0xeac263803f41669437d5fb8cb01cdeb2eddcd37b,0x61f12dd5bd2d81f76d3d7a78dc7d1b1971a6c62b
0xeac263803f41669437d5fb8cb01cdeb2eddcd37b,0xfccbaae90e3ffb77e620ee91db2f320965628220
0xeac263803f41669437d5fb8cb01cdeb2eddcd37b,0x550f92034dba59430e95ec50a152ebed52345bd3
0xeac263803f41669437d5fb8cb01cdeb2eddcd37b,0x0228f525453b11789153a3128bba75cf65baeb3c
0xeac263803f41669437d5fb8cb01cdeb2eddcd37b,0xad7c3a31f44326ae6bf34a3ce308f910c70edc68
0x61f12dd5bd2d81f76d3d7a78dc7d1b1971a6c62b,0x7e506cc945b47ed08ac2d985f61b47ce4068823c
0xfccbaae90e3ffb77e620ee91db2f320965628220,0x7e506cc945b47ed08ac2d985f61b47ce4068823c
0x550f92034dba59430e95ec50a152ebed52345bd3,0x7e506cc945b47ed08ac2d985f61b47ce4068823c
0xabfacbc5fece15ffb3c970038fcdc12f86162680,0xa3ee7fd776fc436f0a4b464de2a3b73eebfdc5bb
0x0228f525453b11789153a3128bba75cf65baeb3c,0x7e506cc945b47ed08ac2d985f61b47ce4068823c
0xad7c3a31f44326ae6bf34a3ce308f910c70edc68,0x7e506cc945b47ed08ac2d985f61b47ce4068823c
0xfdf33338228a8f35d8ef3d958bbe4d9fd10bf673,0x7e506cc945b47ed08ac2d985f61b47ce4068823c
0x3f247aecea5a9bd1a1c258c0a3cd78cc950f60c7,0x1a1ec25dc08e98e5e93f1104b5e5cdd298707d31
0x3f247aecea5a9bd1a1c258c0a3cd78cc950f60c7,0x7e506cc945b47ed08ac2d985f61b47ce4068823c
0xc3681665d0617005c0d9d4d325fbdf9a1555b3fd,0x7e506cc945b47ed08ac2d985f61b47ce4068823c
0xb4522eb2ca49963de9c3dc69023cbe6d53489c98,0x1b02da8cb0d097eb8d57a175b88c7d8b47997506
0xdfcad76d2bff069126d32a2deaf6604dce510381,0x1b02da8cb0d097eb8d57a175b88c7d8b47997506
0x4a56b4f8445cd2f2ce7f5d8dea0ebad6822f5761,0x7e506cc945b47ed08ac2d985f61b47ce4068823c
0x954b4ca160c87245c4d0b70e8fa2dac17814ed4a,0xdfcad76d2bff069126d32a2deaf6604dce510381
0x4b29d323212e0811a5a9f859b1f38b312c49090f,0x7e506cc945b47ed08ac2d985f61b47ce4068823c
0x4b29d323212e0811a5a9f859b1f38b312c49090f,0x7e506cc945b47ed08ac2d985f61b47ce4068823c
0x6632d36f72e8a55a817c89392d09529efe0d6978,0x1b02da8cb0d097eb8d57a175b88c7d8b47997506
0x8a87d40c562093ee7cfb2e91080ade46c524e422,0x4bf0b802fde4135df4b8cd055fd0641f744d69e7
0xd78b8d17dd3c42e5615236bfa18c07f7de5aeb6a,0x1b02da8cb0d097eb8d57a175b88c7d8b47997506
0xb08b681ec843ce1e4e979da125f2c6aa4f3f58bd,0x1b02da8cb0d097eb8d57a175b88c7d8b47997506
0x0168d8e76bf2f7a2b12a8a9042452eeae18aab84,0x5b56fa8ead134837e1416de85c07a4dd53d79253
0xb63e7fcb68ca5c209f4307767de1309848a1c73e,0x7e506cc945b47ed08ac2d985f61b47ce4068823c
0xc37b3e7143ef5515eabefe9c7fc2740abc8ddd1f,0x736f34ebf41697bb0ecfbe6add8804d0b0b00a2e
0x02483ff8d7d44124ffe2b7dd887144799b0e2fd4,0x1b02da8cb0d097eb8d57a175b88c7d8b47997506
0xaeded96ce60189dcd71f469477b56a66a14eb8c1,0x216b4b4ba9f3e719726886d34a177484278bfcae
0x5eb821f9d6d92b3efc5cf1a9352c48184960230a,0x1b02da8cb0d097eb8d57a175b88c7d8b47997506
0x5eb821f9d6d92b3efc5cf1a9352c48184960230a,0x1a1ec25dc08e98e5e93f1104b5e5cdd298707d31
0xcd568680d123bb9461eee97c84502c7152753262,0x1b02da8cb0d097eb8d57a175b88c7d8b47997506
0xa4674968103d246b043e4359f503aa02bb5b663e,0x1b02da8cb0d097eb8d57a175b88c7d8b47997506
0x6ce55caca95a00e938ea07a3ca38f2c941fe917e,0xb6b0bfb5df404f4f219977d73b038f6327ed2abd
0xdeb12a45205e79a69cdcce17f2b92ee1d4031b5a,0x1b02da8cb0d097eb8d57a175b88c7d8b47997506
0x83de478b0c75b926f14dc92aa9930a9d00488c8f,0xa30eb2cdc65125d5e201a67f4a8f02948fb14cac
0x83de478b0c75b926f14dc92aa9930a9d00488c8f,0x020bc49b03ae2099f83818f1354f1f0eaf808aba
0x83de478b0c75b926f14dc92aa9930a9d00488c8f,0x87f1cd784ebf5baaa56d240d94060cd0f5314a6b
0x73e05ef7775eca892251c76c084a8fe3cd6a391d,0xae7803a9bba880b44e6d28b09377dee41e766513
0xcc88a9ed771f44ac51c5963efb303aa6eae707d9,0x7e506cc945b47ed08ac2d985f61b47ce4068823c
0xa9c6b9c4ed174579d288501b023bfde407d18b72,0x1b02da8cb0d097eb8d57a175b88c7d8b47997506
0xd616af367656843fb828dfa86ab598fb511bc343,0x1b02da8cb0d097eb8d57a175b88c7d8b47997506
0xc8f30e436ccc3bc38e8a4fc111b7a88ec2327dd3,0x1b02da8cb0d097eb8d57a175b88c7d8b47997506
0x148d7b237098f61707a5e7538c79a2f4840345c1,0x1b02da8cb0d097eb8d57a175b88c7d8b47997506
0x5221c6ad8d0c9e5c2f783acafd4861552ac2741e,0x1b02da8cb0d097eb8d57a175b88c7d8b47997506
0xc65b4bc72a773e95ba7a4dfee0c456536348ddf4,0x1a1ec25dc08e98e5e93f1104b5e5cdd298707d31
0xabfacbc5fece15ffb3c970038fcdc12f86162680,0xa3ee7fd776fc436f0a4b464de2a3b73eebfdc5bb
0x9d9acb50ae21fc45938a4e769580318d2c2186d8,0x1a1ec25dc08e98e5e93f1104b5e5cdd298707d31
0xced3dd21bf67a392c0fdd78728f23782c865e07e,0x1b02da8cb0d097eb8d57a175b88c7d8b47997506
0x94a926fa5544809e36475d99870bb38920b54e05,0x7e506cc945b47ed08ac2d985f61b47ce4068823c
0x23667b70fc50d98ca3699f516b5d711486e9c6ad,0x7e506cc945b47ed08ac2d985f61b47ce4068823c
0x13df035952316f5fb663c262064ee39e44aa6b43,0x7e506cc945b47ed08ac2d985f61b47ce4068823c
0xf94c9f7fa1dfc2a5c4b58814a6b4026e6d14abdf,0xdef1c0ded9bec7f1a1670819833240f027b25eff
0xcf0e07c04fb05296b13de16197406ff857b3bbed,0x1b02da8cb0d097eb8d57a175b88c7d8b47997506
0x40a27acb08ade323093673f421e79aafdc7463c2,0xa8870ba9acc05aa62a4f04c59a11815c30dedfd5
0x4a56b4f8445cd2f2ce7f5d8dea0ebad6822f5761,0x1b02da8cb0d097eb8d57a175b88c7d8b47997506
0x3410a5d5ee2c6199cbd3e390be11380ff60565e4,0x7e506cc945b47ed08ac2d985f61b47ce4068823c
0xb3501cf736fece08a8ee7b3aa9517e18d372356c,0x47b0ec1bea7d8ecc7cf70c3bf82c5f5d15a96b6d
0xa8870ba9acc05aa62a4f04c59a11815c30dedfd5,0x7e506cc945b47ed08ac2d985f61b47ce4068823c
0x38e799361128eaea9378cd39ac73c297fc9242f5,0x7e506cc945b47ed08ac2d985f61b47ce4068823c
0x08fdd5ed1f9a424779e0a62e67065045c260ef8f,0xf090ba73bcc8d36894bc79ba6cc30fab7f341736
0xf090ba73bcc8d36894bc79ba6cc30fab7f341736,0x7e506cc945b47ed08ac2d985f61b47ce4068823c
0xf5f046e55506fe63edd22ee49a83a8810a9ba1c2,0x7e506cc945b47ed08ac2d985f61b47ce4068823c
0x10eeb4290488e6d4762622a57234cef9e68965b2,0x7e506cc945b47ed08ac2d985f61b47ce4068823c
0x0eec7f3c79c0adad5cd90875b7ef199335ba0100,0x87478253d6174a5291c9e8764ca29c59c2700ef8
0xdab336d6aa0b294d3957171b95058c5e028eabc5,0x1a1ec25dc08e98e5e93f1104b5e5cdd298707d31
0x9fcd4b85526e53b9c3ca6c6c423409a5fec26848,0x7e506cc945b47ed08ac2d985f61b47ce4068823c
0x3a7435ddc86246304ab9bb5a86ac89bace076715,0x1b02da8cb0d097eb8d57a175b88c7d8b47997506
0x8c1bfded02ed7e157115ade43d4e26f02e86a52c,0x7ffaa97035dc90181aae970774c4bff76ff19356
0x97f90dff8dd595c7cacf5e206ba5931b222ae33b,0x47b0ec1bea7d8ecc7cf70c3bf82c5f5d15a96b6d
0x0d149f45ae864101f3c061885abbe3a722452111,0x1b02da8cb0d097eb8d57a175b88c7d8b47997506
0xe7cdd6583b674af8d10b89899b134c41846da0bf,0xdef1c0ded9bec7f1a1670819833240f027b25eff
0x0e92719a9781a0965029d26576b68b8d962da919,0x7e506cc945b47ed08ac2d985f61b47ce4068823c
0xb6b0bfb5df404f4f219977d73b038f6327ed2abd,0x7e506cc945b47ed08ac2d985f61b47ce4068823c
0x883faa42d08b781e6c1125e1e183d95fb2294217,0x7e506cc945b47ed08ac2d985f61b47ce4068823c
0x1efc083e4549da04945725874d8ec190f5250a2f,0x1b02da8cb0d097eb8d57a175b88c7d8b47997506
0x3762d4f203834ee065379b4903d69bde86b83acb,0x7e506cc945b47ed08ac2d985f61b47ce4068823c
0x8b2856fbd13d98b30c7bd47114284dffb7d223c9,0xdef1c0ded9bec7f1a1670819833240f027b25eff
0x81aad6597e07f849bd2e27790ec242c3b53665b1,0x1b02da8cb0d097eb8d57a175b88c7d8b47997506
0xfdf33338228a8f35d8ef3d958bbe4d9fd10bf673,0x7e506cc945b47ed08ac2d985f61b47ce4068823c
0xa9a4afcd4a9842feae15fe95a076b9694dda8414,0x1b02da8cb0d097eb8d57a175b88c7d8b47997506
0x3ec5789d2856b9a291dbba11715bc685987ed21e,0x7e506cc945b47ed08ac2d985f61b47ce4068823c
0xf1d9e2ccfc4f189bb177ac17f0d3cb24a54359bb,0x1b02da8cb0d097eb8d57a175b88c7d8b47997506
0xf1d9e2ccfc4f189bb177ac17f0d3cb24a54359bb,0x7e506cc945b47ed08ac2d985f61b47ce4068823c
0xf1d9e2ccfc4f189bb177ac17f0d3cb24a54359bb,0x216b4b4ba9f3e719726886d34a177484278bfcae
0xdc2a9b1ffd20a3606b5890e623e3003d148a8e67,0x1b02da8cb0d097eb8d57a175b88c7d8b47997506
0x682d3ea3b5f61f1ef75305330c041c817f47bc75,0x950c073467b5e572527eac1dc3c6d49d01c83982
0x23667b70fc50d98ca3699f516b5d711486e9c6ad,0x1b02da8cb0d097eb8d57a175b88c7d8b47997506
0xe7bed7fd83cbd8c548cc59f103b6cec6fabe53a9,0x7e506cc945b47ed08ac2d985f61b47ce4068823c
0x5fd86dbde3b89efd542ab13b8c2c939c8a26c5fe,0x1b02da8cb0d097eb8d57a175b88c7d8b47997506
0xf5c08a62924f1dcebb532ac4c5262ebf1e8c95af,0x1b02da8cb0d097eb8d57a175b88c7d8b47997506
0xed77bfc394c50c534ac4b842f56df50efebe9424,0x9d65f6cd0e1382fd7846bd14a16378b58e7c819b
0xec116655412273869a83371a52aed4797ed4c825,0x7e506cc945b47ed08ac2d985f61b47ce4068823c
0x2914853419c064ad27d10abda0d0963e772bbad0,0xd91cd8918e8282dd38253ff580b329359cc9a7d8
0xf5670ea8317e037d6fe14a4cd3c6c383ed2ff3e9,0x1b02da8cb0d097eb8d57a175b88c7d8b47997506
0x2410596b3900c5fb3d6d63b8160fd8235271e864,0x7e506cc945b47ed08ac2d985f61b47ce4068823c
0xd91cd8918e8282dd38253ff580b329359cc9a7d8,0x3b8660a44b08632228be287ceefad71cdc99adba
0x9e4fdf751100011bab0cd5ded27a927d13e507a3,0x7e506cc945b47ed08ac2d985f61b47ce4068823c
0x4ef683ae4cc2abb6a44f131b59efd6955dc071ae,0x650a3cd380375680374575a7354da03af0a536d7
0xbd1293983cbdc189f986bafda8cbf9f37fb30e2c,0xdef1c0ded9bec7f1a1670819833240f027b25eff
0x650a3cd380375680374575a7354da03af0a536d7,0x1b02da8cb0d097eb8d57a175b88c7d8b47997506
0x919c0e02cab272b50d0cfa2c70a653ce96f589a6,0xb9de157454c26d22ecf7c9e5635522777d23f73a
0xefb564f5623978f68ff3546b0769ed564a9058ec,0xdef1c0ded9bec7f1a1670819833240f027b25eff
0x0fd279b463ff6faf896ca753adb5ad2232ee9aaf,0x7e506cc945b47ed08ac2d985f61b47ce4068823c
0x71ecbd926de8c5b700943620f10944518b0588ab,0x7e506cc945b47ed08ac2d985f61b47ce4068823c
0xdf6916bb4eaae755923be96b214d34176011053b,0x1b02da8cb0d097eb8d57a175b88c7d8b47997506
0x03d1c387f550f5d8427016de5de871812cb71d4f,0x7e506cc945b47ed08ac2d985f61b47ce4068823c
0x77a4d20bb1c78525341c496f12bf7a00b829981f,0x7e506cc945b47ed08ac2d985f61b47ce4068823c
0x05b84df94451babdad7331e83bad2220ad6942f6,0x4ae2aa624d890fe3e88bc2a793425833da18ce65
0x0168d8e76bf2f7a2b12a8a9042452eeae18aab84,0x5b56fa8ead134837e1416de85c07a4dd53d79253
0x918a804f9a804837c47844cdde5b22a8e484d1fb,0x1b02da8cb0d097eb8d57a175b88c7d8b47997506
0x9e66bbd4e7d4ea767da76c3b3d7395ab1961c1ef,0x1b02da8cb0d097eb8d57a175b88c7d8b47997506
0x7f1d4d2c6e8490aac7f93c15177e9ef08f292c91,0x7e506cc945b47ed08ac2d985f61b47ce4068823c
0x9114b5214bf7749f80b9034651dbc9e88fda0355,0x1b02da8cb0d097eb8d57a175b88c7d8b47997506
0x968a0e5603c5d4dbf24cbd7df562921d158ad19c,0x16fdf060032958b23d8a8e7f82c68f85d9db8a04
0x551ec084f5da577c6cf6e9a6e768b84e0040135f,0x7e506cc945b47ed08ac2d985f61b47ce4068823c
0x9fc739bba5fcc87c8170f500a93bf2f34970207f,0x1b02da8cb0d097eb8d57a175b88c7d8b47997506
0x0cdb58985a7149f9428e627e1b6a75b2f369de9f,0x16fdf060032958b23d8a8e7f82c68f85d9db8a04
0xc19f790702b9830ac810b7bef1d2c996391793b1,0x8a91399c38bb40df2743ff242bb14a302f106cfd
0x351e0d6f01786121fd77f7194d6f4a53cccc65c3,0x7e506cc945b47ed08ac2d985f61b47ce4068823c
0xc19f790702b9830ac810b7bef1d2c996391793b1,0x8a91399c38bb40df2743ff242bb14a302f106cfd
0xc19f790702b9830ac810b7bef1d2c996391793b1,0x8a91399c38bb40df2743ff242bb14a302f106cfd
0x03b5a8ea2afbc9930f089836fdcd4863b4dd2b92,0x3d6413b31d33c714fe13321011c6bbd55a3150b7
0xfed7cd169d0a4967abf4500f78e0038d34c59491,0x303687d5a2c620886d7f7e76050469198ea32d93
0xb3501cf736fece08a8ee7b3aa9517e18d372356c,0x47b0ec1bea7d8ecc7cf70c3bf82c5f5d15a96b6d
0x966d8efc4dba6af9add4def8f40c7c2a78a32be3,0x1b02da8cb0d097eb8d57a175b88c7d8b47997506
0x72d395ad477aa50c219905181e9dfc4020539f28,0x1b02da8cb0d097eb8d57a175b88c7d8b47997506
0x527c141f152b0810f68781d1cf31d2b80957cda6,0x01e5138236f6b51d3f2f5b9aa71fc08e3c46fa21
0x5d5a479aed00aeb079d34f223e5274bea3104256,0x1b02da8cb0d097eb8d57a175b88c7d8b47997506
0xabfacbc5fece15ffb3c970038fcdc12f86162680,0xa3ee7fd776fc436f0a4b464de2a3b73eebfdc5bb
0x5d5a479aed00aeb079d34f223e5274bea3104256,0x7e506cc945b47ed08ac2d985f61b47ce4068823c
0xe1cba36790cae8d2c3a3c08872f4df395d63d9cf,0x7e506cc945b47ed08ac2d985f61b47ce4068823c
0xe1cba36790cae8d2c3a3c08872f4df395d63d9cf,0x1b02da8cb0d097eb8d57a175b88c7d8b47997506
0x9e4fdf751100011bab0cd5ded27a927d13e507a3,0x1b02da8cb0d097eb8d57a175b88c7d8b47997506
0x414e55e2e0f85a321fa5359ecfbdd8b68bd274a5,0x1b02da8cb0d097eb8d57a175b88c7d8b47997506
0x00676136593c05cf99577a5fc613e110c21ddb89,0xf9ccd38e90a27952f492f04402f74947769801b7
0xd96fad97f0f565d1a2c0448e852103e99dfd2807,0x7e506cc945b47ed08ac2d985f61b47ce4068823c
0x24285e6eb384ab6a7a9d43b23963964570654e92,0x6435a08fa20d75b8036c870375d72a1cbdfe77ea
0x6435a08fa20d75b8036c870375d72a1cbdfe77ea,0x7e506cc945b47ed08ac2d985f61b47ce4068823c
0xcaa8aef1f79b26d38c379a52b1137c4af7faceac,0xc6e45459a0dbee38dcf4913c431b314993c8d7f0
0xb5880a4abd23e80f06806c175fc3eadf2f98ea51,0x1b02da8cb0d097eb8d57a175b88c7d8b47997506
0xc6e45459a0dbee38dcf4913c431b314993c8d7f0,0x7e506cc945b47ed08ac2d985f61b47ce4068823c
0x4b69c0f097fcd6faf55ddfd26dd2ba9c6b7c9d04,0x7e506cc945b47ed08ac2d985f61b47ce4068823c
0xb9de157454c26d22ecf7c9e5635522777d23f73a,0x1b02da8cb0d097eb8d57a175b88c7d8b47997506
0x0983bab359bd8c793017df035d920be0baac2bea,0xd537413a3651fe87443526c38977b9ce86448696
0xd537413a3651fe87443526c38977b9ce86448696,0x7e506cc945b47ed08ac2d985f61b47ce4068823c
0xcaa8aef1f79b26d38c379a52b1137c4af7faceac,0xc6e45459a0dbee38dcf4913c431b314993c8d7f0
0x87a46d077a2ca8214b3a086b73a755b65c5edf14,0x1b02da8cb0d097eb8d57a175b88c7d8b47997506
0xbde96ff13210800843649dbd08bd3529c446baa4,0xe26da14c5a6c04b7a02cc2d3ad0fbda3ded3f2a0
0x59d1b53933b431e3ff6e71ec093368e220604d8b,0x7854a5501d08aa911177586cf35450325747dca0
0xbde96ff13210800843649dbd08bd3529c446baa4,0xe26da14c5a6c04b7a02cc2d3ad0fbda3ded3f2a0
0x5f9766871a5e5c917fb4691235f466dce4e8661e,0x7e506cc945b47ed08ac2d985f61b47ce4068823c
0x394db8d8d930ea5ac9bf94621cba0d439e2cb0b1,0x1b02da8cb0d097eb8d57a175b88c7d8b47997506
0x01ba73595a1f994f1ea57d989929748d7a4f7f46,0x1b02da8cb0d097eb8d57a175b88c7d8b47997506
0x36bb8b403846cdab5721601b008630eae76d0079,0x7e506cc945b47ed08ac2d985f61b47ce4068823c
0x36bb8b403846cdab5721601b008630eae76d0079,0x7e506cc945b47ed08ac2d985f61b47ce4068823c
0x36bb8b403846cdab5721601b008630eae76d0079,0x7e506cc945b47ed08ac2d985f61b47ce4068823c
0x1dbf00bc3f40f551d79422a96367a6f58ae59412,0x793fe8dc527b07772915724c61c3282b33301fe4
0x1dbf00bc3f40f551d79422a96367a6f58ae59412,0x61a63e73f7f795dc3342c9d168c74d51460df8b7
0x1dbf00bc3f40f551d79422a96367a6f58ae59412,0x635d7202b058ca37c57b6748f57b78a47f6e857c
0x61a63e73f7f795dc3342c9d168c74d51460df8b7,0x7e506cc945b47ed08ac2d985f61b47ce4068823c
0x793fe8dc527b07772915724c61c3282b33301fe4,0x7e506cc945b47ed08ac2d985f61b47ce4068823c
0x9c97ce35ad1a9cbb54674d7a24cc5d141f24588d,0x1b02da8cb0d097eb8d57a175b88c7d8b47997506
0xfa5db9e737e44f828e4358259f78164526661592,0x1b02da8cb0d097eb8d57a175b88c7d8b47997506
0x4cfa740449ad2a7f9ce76b0cedf82f46dba2f33e,0x7e506cc945b47ed08ac2d985f61b47ce4068823c
0xcaa8aef1f79b26d38c379a52b1137c4af7faceac,0xc6e45459a0dbee38dcf4913c431b314993c8d7f0
0xcf07669e0c35391b1d736302e116c42f2985cff9,0x1b02da8cb0d097eb8d57a175b88c7d8b47997506
0xa8cbe31b623e4bccb2de0fa836b6b8276b269d67,0x1b02da8cb0d097eb8d57a175b88c7d8b47997506
0xefd08d539d3a23aad050d63ca3f1d6bada97987d,0x1b02da8cb0d097eb8d57a175b88c7d8b47997506
0x200f785a710ba04249c6e1befd647a6af610f218,0x1a1ec25dc08e98e5e93f1104b5e5cdd298707d31
0xcaa8aef1f79b26d38c379a52b1137c4af7faceac,0xc6e45459a0dbee38dcf4913c431b314993c8d7f0
0xb648fcf5277bf41474e9af43dfefd17292098f34,0x1b02da8cb0d097eb8d57a175b88c7d8b47997506
0x1ac0a103ac8e09a4944fce94dc60775bf7eae7fd,0x1b02da8cb0d097eb8d57a175b88c7d8b47997506
0x72dee56991fd9bc95ff5c6eb90daf7fcb568a800,0x556dd674fa546a508601474f13d564114541c003
0xcaa8aef1f79b26d38c379a52b1137c4af7faceac,0xc6e45459a0dbee38dcf4913c431b314993c8d7f0
0x277d7f99eb184567f78cb3002f37ee98d621ab2a,0x167463cc40b3c500611f408d65da3b965b4dc18b
0x0ccf32994c9c4739fb4bf2c220e171a2e8d437b3,0x7e506cc945b47ed08ac2d985f61b47ce4068823c
0xcaa8aef1f79b26d38c379a52b1137c4af7faceac,0xc6e45459a0dbee38dcf4913c431b314993c8d7f0
0xb683c2be01b4adea1c3b0b14dd663bda5304120b,0x1b02da8cb0d097eb8d57a175b88c7d8b47997506
0x9db37244b57f3b7a27c45f1b4cf176227fb5a8d9,0x7e506cc945b47ed08ac2d985f61b47ce4068823c
0xf9c46629b28ca997c59a4379212126a9bedae8a9,0x7e506cc945b47ed08ac2d985f61b47ce4068823c
0x561190a40ef35b9c138eb59d19f34151e809de35,0x1b02da8cb0d097eb8d57a175b88c7d8b47997506
0xb2f40012c9a1e0e3321f99cfc3a8b31fd743f592,0x1b02da8cb0d097eb8d57a175b88c7d8b47997506
0xc4050213225baf4e2e9fb53f877caa727f05faf5,0x1b02da8cb0d097eb8d57a175b88c7d8b47997506
0xc92438ba1a2440ea41d50f11bb98454aca5002b7,0xdc954bc8c9ae96ac5e1d49243d80f9a874de0c48
0xf72d580a01163b6012ae7623df7621d75083913f,0xbf5077ddb60cfbf4c7fb3839e9b251413cd51671
0xdc954bc8c9ae96ac5e1d49243d80f9a874de0c48,0x7e506cc945b47ed08ac2d985f61b47ce4068823c
0xcaa8aef1f79b26d38c379a52b1137c4af7faceac,0xc6e45459a0dbee38dcf4913c431b314993c8d7f0
0xdf8d910ca8caf9d3c7dea9b62d36400b38003c61,0x1b02da8cb0d097eb8d57a175b88c7d8b47997506
0xa35b2b4eccb966fdf1bef8091cca69d45da338b4,0x7e506cc945b47ed08ac2d985f61b47ce4068823c
0x4e50ad4d759e7220ccfe304d222a0703eadb16b5,0x1b02da8cb0d097eb8d57a175b88c7d8b47997506
0x3d446cda1caf5953e287e320bda175d26bb60d01,0x1b02da8cb0d097eb8d57a175b88c7d8b47997506
0xe26da14c5a6c04b7a02cc2d3ad0fbda3ded3f2a0,0x7e506cc945b47ed08ac2d985f61b47ce4068823c
0xe26da14c5a6c04b7a02cc2d3ad0fbda3ded3f2a0,0x7e506cc945b47ed08ac2d985f61b47ce4068823c
0x76a0646e2c5baa3595f1f0baf10b1fb46f9739ef,0x7e506cc945b47ed08ac2d985f61b47ce4068823c
0x810b1a47b11be587d9d10f42ee9799b8b7062795,0x8c8f41ba8283bd2655b6802e416c7ddf97714e48
0x754b1f995f1b6bf52195f938879b0ffc15e3c094,0x1b02da8cb0d097eb8d57a175b88c7d8b47997506
0xa0a87d68e301df24f2012f60c0855654da9735bd,0xdf1a1b60f2d438842916c0adc43748768353ec25
0xd2230a2910f61bd35f6841049aa0559c9c6e403a,0x1b02da8cb0d097eb8d57a175b88c7d8b47997506
0x63f5fe4fb6b78063a138fe112f4c1db1488f6c5b,0x1b02da8cb0d097eb8d57a175b88c7d8b47997506
0x8dfcacc4dfe11c9e7096d36db03ab8c37a1a7a67,0x1b02da8cb0d097eb8d57a175b88c7d8b47997506
0xcaa8aef1f79b26d38c379a52b1137c4af7faceac,0xc6e45459a0dbee38dcf4913c431b314993c8d7f0
0x194f2dca912396986897df0ad78abe16f7c99943,0x1b02da8cb0d097eb8d57a175b88c7d8b47997506
0x194f2dca912396986897df0ad78abe16f7c99943,0x1b02da8cb0d097eb8d57a175b88c7d8b47997506
0x804570bfc63d722842ec1427420e20bbdad4cf6c,0xdf1a1b60f2d438842916c0adc43748768353ec25
0xfed7cd169d0a4967abf4500f78e0038d34c59491,0x303687d5a2c620886d7f7e76050469198ea32d93
0xcaa8aef1f79b26d38c379a52b1137c4af7faceac,0xc6e45459a0dbee38dcf4913c431b314993c8d7f0
0xb772d287473f30e9123632aaf6516582d815d3f4,0xf519eb8b8f0515a4053f1c2795af81ccd57982ef
0x2e19be069a3b7294df2d7c3ab2c0bfd3f295eb66,0x1b02da8cb0d097eb8d57a175b88c7d8b47997506
0xcaa8aef1f79b26d38c379a52b1137c4af7faceac,0xc6e45459a0dbee38dcf4913c431b314993c8d7f0
0x5ff1fbe322cc1ff3d255567111be046a8ea0d899,0x1b02da8cb0d097eb8d57a175b88c7d8b47997506
0x35977cf9b9a753d11e043452418d01f37d93084e,0x394db8d8d930ea5ac9bf94621cba0d439e2cb0b1
0xd7146bb86023f3a2880a9a25389911bb815304e7,0x7e506cc945b47ed08ac2d985f61b47ce4068823c
0x48d15f278c0e98ff347eac60f07920ed43646967,0x1b02da8cb0d097eb8d57a175b88c7d8b47997506
0x133fa160c78fa707c4757d210e3f193fa76ee98c,0x7e506cc945b47ed08ac2d985f61b47ce4068823c
0x2914853419c064ad27d10abda0d0963e772bbad0,0x31a135f5799631a3689173ea37412b0e9e49cfc8
0x31a135f5799631a3689173ea37412b0e9e49cfc8,0x1b02da8cb0d097eb8d57a175b88c7d8b47997506
0xcaa8aef1f79b26d38c379a52b1137c4af7faceac,0xc6e45459a0dbee38dcf4913c431b314993c8d7f0
0x21a0b6fd81ec697e326228df279f9add0d1b021a,0xdef1c0ded9bec7f1a1670819833240f027b25eff
0x42e0895cb77d9738b5d304b4278ff01d66b17159,0x1b02da8cb0d097eb8d57a175b88c7d8b47997506
0x285fc669b5c391ed60374a931385c921c0bca28b,0x1b02da8cb0d097eb8d57a175b88c7d8b47997506
0x9747614f5aea986d046630809318e92f2e9a97fb,0x1b850bfe517741ae8f45d6d072ca2774fed74f44
0xb6343d5effe59518acad6290690831fb072a88fd,0x7e506cc945b47ed08ac2d985f61b47ce4068823c
0xb6343d5effe59518acad6290690831fb072a88fd,0x1b02da8cb0d097eb8d57a175b88c7d8b47997506
0xcaa8aef1f79b26d38c379a52b1137c4af7faceac,0xc6e45459a0dbee38dcf4913c431b314993c8d7f0
0x6b4f4a6461e4feed9505aa77f571be74057f61cd,0x7e506cc945b47ed08ac2d985f61b47ce4068823c
0xea35d48503cc24052e128cc48f1cb3fe70536200,0x1b02da8cb0d097eb8d57a175b88c7d8b47997506
0x65d7686ac40e187c2556d9c9f0e98adf2b1af383,0xba16963e10bec2d0c76a32e1a7fe161fb0ce7204
0x03842b4c71c18188191cad1cb9a8dab32d2eab7e,0x47b0ec1bea7d8ecc7cf70c3bf82c5f5d15a96b6d
0x1ac34b44b2c04033445915ae73d87657044da894,0x1b02da8cb0d097eb8d57a175b88c7d8b47997506
0x2809ec00b02d403f2e06b0c7a9c3ee94ff5d0f9d,0x7e506cc945b47ed08ac2d985f61b47ce4068823c
0xf8dcd350da385616daa05433389f937961e7b957,0x2809ec00b02d403f2e06b0c7a9c3ee94ff5d0f9d
0xf90457665e5737738ba15b538d77dad72684b897,0x1b02da8cb0d097eb8d57a175b88c7d8b47997506
0x5a55aad519556a40fe4546f23a07500d2379cfaf,0x1a1ec25dc08e98e5e93f1104b5e5cdd298707d31
0xcaa8aef1f79b26d38c379a52b1137c4af7faceac,0xc6e45459a0dbee38dcf4913c431b314993c8d7f0
0x8ddf22ff9524be54a774e7174842851420090e2f,0x1b02da8cb0d097eb8d57a175b88c7d8b47997506
0x62d48707f9ebd46310ff3df8eb61824365ca0f3c,0x1b02da8cb0d097eb8d57a175b88c7d8b47997506
0x5e32dce6333f06c6a228a0ded8e957b0cc16abe8,0x1b02da8cb0d097eb8d57a175b88c7d8b47997506
0x408061d4a0ab09ddb3d98a2f1e011e8c61005aa0,0x030b8b7bf245e762736e65c0903295447b898c30
0x100f5be57f1b24903994349774ef8deade522d5e,0xadc3c1ac7b171b5a2f7e58c52203c1af37e76ab4
0x08e65d2a6c20d4514ef7e66356dac280fb267ae8,0x1a1ec25dc08e98e5e93f1104b5e5cdd298707d31
0x3b1c1105d880dea46ec00aca01e0229bd1b7d685,0x1b02da8cb0d097eb8d57a175b88c7d8b47997506
0xdbf2a22cea950eaf98bceb57512db3aa738cbc8e,0x1b02da8cb0d097eb8d57a175b88c7d8b47997506
0xa0d114ff40fb7ff7d748ece188b6f07e21138fa0,0x1b02da8cb0d097eb8d57a175b88c7d8b47997506
0x61e1a8041186ceb8a561f6f264e8b2bb2e20e06d,0xdef1c0ded9bec7f1a1670819833240f027b25eff
0x54be9b7c847a8d580a2755570fd7f3ebf4022743,0xd983f3423231a0cf923a666cfa669199b2506021
0x4740988434aab9d22d5e096f0551605be9f9637d,0x0d2bf8e3d505ac813f10316803a9db1fed3f71cc
0x65b1eada441c286069b70a057124c8dc17b2b1d8,0x1b02da8cb0d097eb8d57a175b88c7d8b47997506
0x6632d36f72e8a55a817c89392d09529efe0d6978,0x7e506cc945b47ed08ac2d985f61b47ce4068823c
0xbb33b35c064a9bf8d6f9d000c2398d741c76e086,0x1b02da8cb0d097eb8d57a175b88c7d8b47997506
0x67f713f2dca06e5abade9ebfabb0d73f2ef41af6,0x7e506cc945b47ed08ac2d985f61b47ce4068823c
0xcaa8aef1f79b26d38c379a52b1137c4af7faceac,0xc6e45459a0dbee38dcf4913c431b314993c8d7f0
0x0b81747f504dfc906a215e301d8b8ad82e44cbd2,0xdef1c0ded9bec7f1a1670819833240f027b25eff
0x5cda6f6163e94282d3d8dd413a2b5b2da3ecfa7e,0x1111111254fb6c44bac0bed2854e76f90643097d
0xb648fcf5277bf41474e9af43dfefd17292098f34,0x7e506cc945b47ed08ac2d985f61b47ce4068823c
0xfe32cb2bb7c4f1fcad4f4f6cfc2fec7b50987d12,0xdef1c0ded9bec7f1a1670819833240f027b25eff
0x7aefe961efb14467d6775e54df51cf5ee61b355e,0x7e506cc945b47ed08ac2d985f61b47ce4068823c
0x254c113836931bd841905556bb64265f0081e262,0x7e506cc945b47ed08ac2d985f61b47ce4068823c
0xcaa8aef1f79b26d38c379a52b1137c4af7faceac,0xc6e45459a0dbee38dcf4913c431b314993c8d7f0
0x5e5bf4de97ca0430bd2fbfe158f80a20b28bd46b,0x9d1c633ceaf5c4572f4583e5294d25bf857894fe
0x7659e3fbebba6344a7fd76e554b1355339d01e15,0x1b02da8cb0d097eb8d57a175b88c7d8b47997506
0x099d1e4fc90ba52e0beb2021e35f2236fa27d2d9,0x4f24fe10d6b85d706ad137c459b973bf73bae45a
0x4f24fe10d6b85d706ad137c459b973bf73bae45a,0x7e506cc945b47ed08ac2d985f61b47ce4068823c
0x66bbb76efeafcffe718008ee123529d2d81c5042,0x1b02da8cb0d097eb8d57a175b88c7d8b47997506
0x35977cf9b9a753d11e043452418d01f37d93084e,0x394db8d8d930ea5ac9bf94621cba0d439e2cb0b1
0xf9ccd38e90a27952f492f04402f74947769801b7,0x1b02da8cb0d097eb8d57a175b88c7d8b47997506
0x0168d8e76bf2f7a2b12a8a9042452eeae18aab84,0x5b56fa8ead134837e1416de85c07a4dd53d79253
0x2b62cb060e78500b482a02acc7a111b62d46e5a9,0xfc7f2d0ecf2c0119b0312748a6979448d45312cf
0xfc7f2d0ecf2c0119b0312748a6979448d45312cf,0x7e506cc945b47ed08ac2d985f61b47ce4068823c
0xac89788e5a1afbd7762ce12885992611cbbc79ed,0xd6ba32b8ed27a53ea13ef4780e1955574993e6da
0xe34e69c0daa70f9ac3802688f0266ebbb295fbf2,0x7e506cc945b47ed08ac2d985f61b47ce4068823c
0xeea66d6432823fadcddcb332dc539f47fc77904e,0x97acc75bbe755ad36adce310257d281a317bef41
0xcaa8aef1f79b26d38c379a52b1137c4af7faceac,0xc6e45459a0dbee38dcf4913c431b314993c8d7f0
0xa3ee99179261119b342c36e80287c158ce05fda6,0x216b4b4ba9f3e719726886d34a177484278bfcae
0xaa6d53039c5a3bd180cb1f2e0a97612d0dcf3ef7,0x5b83b4887fef76866b09be156de28b84b4038529
0x5b83b4887fef76866b09be156de28b84b4038529,0x7e506cc945b47ed08ac2d985f61b47ce4068823c
0xded10baef2bf5b6404969e23095e6559c4880840,0x1b02da8cb0d097eb8d57a175b88c7d8b47997506
0xb9de157454c26d22ecf7c9e5635522777d23f73a,0x919c0e02cab272b50d0cfa2c70a653ce96f589a6
0x438521ca3375b2a808856acf38c9a254dc045497,0x1b02da8cb0d097eb8d57a175b88c7d8b47997506
0x29bf6652e795c360f7605be0fcd8b8e4f29a52d4,0x1b02da8cb0d097eb8d57a175b88c7d8b47997506
0xcaa8aef1f79b26d38c379a52b1137c4af7faceac,0xc6e45459a0dbee38dcf4913c431b314993c8d7f0
0xc40a3d36e0659d1285e79d17fed9d4cfb8185768,0x7e506cc945b47ed08ac2d985f61b47ce4068823c
0x1b54c40c65b8fa92caaca718a53abd1bba90920f,0x1b02da8cb0d097eb8d57a175b88c7d8b47997506
0x35977cf9b9a753d11e043452418d01f37d93084e,0x394db8d8d930ea5ac9bf94621cba0d439e2cb0b1
0xd0f6e93f4a316d3cc7ef60413727496547bcf240,0x1b02da8cb0d097eb8d57a175b88c7d8b47997506
0x769970165d23ca3a791d6c25b7730378e4a003f8,0x1b02da8cb0d097eb8d57a175b88c7d8b47997506
0xc69bba13aab1ceb6f2257ed9a82d8e1921e2569b,0x7e506cc945b47ed08ac2d985f61b47ce4068823c
0xb92eccb3aad420237e2db6768554569a58c566e2,0x1b02da8cb0d097eb8d57a175b88c7d8b47997506
0xb4e8f505d97d22a9e397f7cf5cbf9a0a7afe22c6,0x1b02da8cb0d097eb8d57a175b88c7d8b47997506
0xb0c257cfec51161af0553705506f1fcee686bd84,0x0a3be0fb9010d255fd450f102a359a1e5ee11454
0xc69bba13aab1ceb6f2257ed9a82d8e1921e2569b,0x1b02da8cb0d097eb8d57a175b88c7d8b47997506
0xc5d283ccc13dcd937dea2d2f2b7900a7cc326254,0xd96fad97f0f565d1a2c0448e852103e99dfd2807
0x1b7f5f2d0ee91e95d69a1d978c10fc4fffc0a033,0x7e506cc945b47ed08ac2d985f61b47ce4068823c
0x1b7f5f2d0ee91e95d69a1d978c10fc4fffc0a033,0x7e506cc945b47ed08ac2d985f61b47ce4068823c
0x1b7f5f2d0ee91e95d69a1d978c10fc4fffc0a033,0x7e506cc945b47ed08ac2d985f61b47ce4068823c
0x1b7f5f2d0ee91e95d69a1d978c10fc4fffc0a033,0x7e506cc945b47ed08ac2d985f61b47ce4068823c
0xd96fad97f0f565d1a2c0448e852103e99dfd2807,0x1b02da8cb0d097eb8d57a175b88c7d8b47997506
0xab224617a340a91053b57e0189d137beadf32b5d,0x7e506cc945b47ed08ac2d985f61b47ce4068823c
0xa54496ab3adbfb064f553ecfb1510b407c941cf6,0x1b02da8cb0d097eb8d57a175b88c7d8b47997506
0xa615a0efbc7951f9ce3a1b32a12c75d642b00b02,0x7e506cc945b47ed08ac2d985f61b47ce4068823c
0x3462d4f128e214f09a5483ab2613fbf13cd4e57e,0x7e506cc945b47ed08ac2d985f61b47ce4068823c
0x8bc723a8fb22e6f666f67fbce4ac1a59642cc098,0x4cd7b6ad4cb5922fb51acae96f1db147f739c40d
0x4cd7b6ad4cb5922fb51acae96f1db147f739c40d,0x1b02da8cb0d097eb8d57a175b88c7d8b47997506
0xcaa8aef1f79b26d38c379a52b1137c4af7faceac,0xc6e45459a0dbee38dcf4913c431b314993c8d7f0
0xe6915616ce92cc181dae193a292e7c9422b4f975,0xe52f498307bd4252bd5e6a49d6be93cfebc4cd41
0xbf5077ddb60cfbf4c7fb3839e9b251413cd51671,0x39ed0a9370aabcb276283023a9e16612a54fb4ab
0x39ed0a9370aabcb276283023a9e16612a54fb4ab,0x1b02da8cb0d097eb8d57a175b88c7d8b47997506
0x7a4c601d85507e6dd47264a66138d6f083b98cb4,0x1b02da8cb0d097eb8d57a175b88c7d8b47997506
0xe3962f5e1bb586b9d6743bdd20860eccb47ee6f0,0x1b02da8cb0d097eb8d57a175b88c7d8b47997506
0x77579ce5fb5e4032c7ee778b7930a0f320bde62c,0xb51ed43feefc0b1d5b24d12b460325da42165c89
0xe5c1e6d4952dde89f2dbbb6ffb062e4a78b50cb4,0x1b02da8cb0d097eb8d57a175b88c7d8b47997506
0x3f4b63fda53c889ef37181bc1d4856c891e0bff0,0x1b02da8cb0d097eb8d57a175b88c7d8b47997506
0x56f6bf6b793713c050fd02147a45b563bb4d8efa,0x216b4b4ba9f3e719726886d34a177484278bfcae
0xbdbf776c451900ad3b23990906a3f9e5127bbea5,0x1b02da8cb0d097eb8d57a175b88c7d8b47997506
0xf130b96ef2aad8abe1c0bde1e8b31448909dbd38,0x7e506cc945b47ed08ac2d985f61b47ce4068823c
0xe52f498307bd4252bd5e6a49d6be93cfebc4cd41,0x1b02da8cb0d097eb8d57a175b88c7d8b47997506
0x48268566d5fad95768fd647c0612631e2d201e6d,0x1b02da8cb0d097eb8d57a175b88c7d8b47997506
0xf5f296b5684adfaf9bbd171506ed41337218bd4f,0x1b02da8cb0d097eb8d57a175b88c7d8b47997506
0xa5b6e542d3b95df02f8890a1ac9ba9c10f8efb5f,0x1b02da8cb0d097eb8d57a175b88c7d8b47997506
0xbbd1b8b845b6397722b5826f573c3527b9fcdf6c,0x1b02da8cb0d097eb8d57a175b88c7d8b47997506
0xa5b6e542d3b95df02f8890a1ac9ba9c10f8efb5f,0x1b02da8cb0d097eb8d57a175b88c7d8b47997506
0x55da40f22c29ecd2a3d550057932aedfe9b2970d,0x7e506cc945b47ed08ac2d985f61b47ce4068823c
0xa0d5e24371034c4a2095945f2c8724f7561090c3,0x1b02da8cb0d097eb8d57a175b88c7d8b47997506
0x4b087ca2a7dbd887f3b339d4ae204ce6a3425051,0x7e506cc945b47ed08ac2d985f61b47ce4068823c
0xac26223745b14d459874e68c29a835b55c59c531,0x1b02da8cb0d097eb8d57a175b88c7d8b47997506
0xc4c9399615bdab0edbe1bff54f7e00c0a6527452,0x1b02da8cb0d097eb8d57a175b88c7d8b47997506
0x9fadef2323461963a833cec4507bea002f86e417,0x7e506cc945b47ed08ac2d985f61b47ce4068823c
0xba0249fd38e6b8ce4bb26eff8be273f28a89dd6d,0x1b02da8cb0d097eb8d57a175b88c7d8b47997506
0x390e2bab20b6e0c5a97950ba39d4c996d266c0d6,0x1b02da8cb0d097eb8d57a175b88c7d8b47997506
0x41d93fcb925b354b93444defa20079aed2743eba,0x7e506cc945b47ed08ac2d985f61b47ce4068823c
0x41d93fcb925b354b93444defa20079aed2743eba,0x1b02da8cb0d097eb8d57a175b88c7d8b47997506
0xcaa8aef1f79b26d38c379a52b1137c4af7faceac,0xc6e45459a0dbee38dcf4913c431b314993c8d7f0
0xcd4328383abc5399a910b7e01c8047d95b3afa8a,0x2ddc9adadf628fa1c4a73a87601d6716f0103f4d
0xdeaaea722be7197bfc328b22ea8416c962c16743,0x1b02da8cb0d097eb8d57a175b88c7d8b47997506
0x2c0f8dfc3e6497ec5a6eae1252122ed95e90b90d,0x1b02da8cb0d097eb8d57a175b88c7d8b47997506
0x600f7974274aabe8076c97b4ec35d99ea0524916,0x1b02da8cb0d097eb8d57a175b88c7d8b47997506
0xeeae16d18b678a2e58151333b827b55e3005ff23,0x1b02da8cb0d097eb8d57a175b88c7d8b47997506
0xb51ed43feefc0b1d5b24d12b460325da42165c89,0x7e506cc945b47ed08ac2d985f61b47ce4068823c
0xb51ed43feefc0b1d5b24d12b460325da42165c89,0x6f9d2365097e2187633d4d6749319d9fb321d82b
0x6f9d2365097e2187633d4d6749319d9fb321d82b,0x7e506cc945b47ed08ac2d985f61b47ce4068823c
0xd4cbd03244aba518dc4db20f614902b5c19f079c,0x1b02da8cb0d097eb8d57a175b88c7d8b47997506
0x35977cf9b9a753d11e043452418d01f37d93084e,0x394db8d8d930ea5ac9bf94621cba0d439e2cb0b1
0x5c65aa00497f7731f519e396cc7f45cfbc6b6eba,0x1b02da8cb0d097eb8d57a175b88c7d8b47997506
0x6ce55caca95a00e938ea07a3ca38f2c941fe917e,0xb6b0bfb5df404f4f219977d73b038f6327ed2abd
0xe874c7e07f653e3ed3d63f0481743020654da9bc,0x7e506cc945b47ed08ac2d985f61b47ce4068823c
0x63de0a2604a7eda970a2065194a3a707e0ec0ec2,0x1b02da8cb0d097eb8d57a175b88c7d8b47997506
0x5c65aa00497f7731f519e396cc7f45cfbc6b6eba,0x1a1ec25dc08e98e5e93f1104b5e5cdd298707d31
0x9eac7357ec47ff94f7fc374c84489df080da9131,0x7e506cc945b47ed08ac2d985f61b47ce4068823c
0x3c50849d873cf92f04f0ee7e624b384ca4ad586f,0x1b02da8cb0d097eb8d57a175b88c7d8b47997506
0xcaa8aef1f79b26d38c379a52b1137c4af7faceac,0xc6e45459a0dbee38dcf4913c431b314993c8d7f0
0x242c34a1ba807d7f889fdc65532837ab7b3ed584,0x88d9456edb33affc3bd4385c064d3a505964c68a
0x7e2c0ecc61aed61fc0052a70d29cb01d2aac68de,0xbd4b950aa6a3d957f1d72a6aa0e704fc5d5953f3
0x7e2c0ecc61aed61fc0052a70d29cb01d2aac68de,0xbd4b950aa6a3d957f1d72a6aa0e704fc5d5953f3
0x4b483be15de759073c00b4f05e0ae1f1f67b3a4d,0x771642325a544c99aa8eb5e9dc35078b00750d19
0x636d392865356f458733e87e58ba9a173bf754a0,0x1a1ec25dc08e98e5e93f1104b5e5cdd298707d31
0x8b2856fbd13d98b30c7bd47114284dffb7d223c9,0xdef1c0ded9bec7f1a1670819833240f027b25eff
0x771642325a544c99aa8eb5e9dc35078b00750d19,0x4b483be15de759073c00b4f05e0ae1f1f67b3a4d
0x87e4f8cc4679a91261cbca8c7c3d956ad350af7a,0x1b02da8cb0d097eb8d57a175b88c7d8b47997506
0xd0793c144c7e09c3d7e0da7a8384c31d0577f838,0x1b02da8cb0d097eb8d57a175b88c7d8b47997506
0x9d1c633ceaf5c4572f4583e5294d25bf857894fe,0x1b02da8cb0d097eb8d57a175b88c7d8b47997506
0x4285f576a1729b6159c210a18afce9639bd4ba29,0x7e506cc945b47ed08ac2d985f61b47ce4068823c
0x56f6bf6b793713c050fd02147a45b563bb4d8efa,0x1b02da8cb0d097eb8d57a175b88c7d8b47997506
0xdfdf626cd38e41c6f3cc72b271fe13303a224934,0x1b02da8cb0d097eb8d57a175b88c7d8b47997506
0x99697e5c8fcc8601531c348e54f39a6cc3ddfece,0x1b02da8cb0d097eb8d57a175b88c7d8b47997506
0x0b2eede4e6803eee488cff1c1b7206ba54d52fbc,0x1b02da8cb0d097eb8d57a175b88c7d8b47997506
0xd0793c144c7e09c3d7e0da7a8384c31d0577f838,0x7e506cc945b47ed08ac2d985f61b47ce4068823c
0xf06e7817718475c8b199e10af7dd0af4fa5fb115,0x1b02da8cb0d097eb8d57a175b88c7d8b47997506
0xdb876729586097cd6618add4deb4055a8467d7f2,0x1b02da8cb0d097eb8d57a175b88c7d8b47997506
0xe95b48f796a4a22329547c0c81019c17adf4c4d0,0x1b02da8cb0d097eb8d57a175b88c7d8b47997506
0x0775a23372a9a1572b2138f0eb5069a60f6b8b05,0x1b02da8cb0d097eb8d57a175b88c7d8b47997506
0xe0c00c2b98a19be5b37abf1a10be0a09c10feddc,0x1b02da8cb0d097eb8d57a175b88c7d8b47997506
0x408dd89c34c3c8b526c389a6955eb01b40a41aae,0xdf1a1b60f2d438842916c0adc43748768353ec25
0x56f6bf6b793713c050fd02147a45b563bb4d8efa,0x216b4b4ba9f3e719726886d34a177484278bfcae
0xb837e7eba92f4d7e043343e95fd7b59d073d6a02,0x1b02da8cb0d097eb8d57a175b88c7d8b47997506
0x20a1d13227530eb52ebb631fd96aca418ce85796,0x1b02da8cb0d097eb8d57a175b88c7d8b47997506
0x277c583c6ac9cdafbad6a1c97d86cbec56cf2f8f,0x1b02da8cb0d097eb8d57a175b88c7d8b47997506
0x9be96a6e861d2e5aff1fe0738bed664b6f0b543e,0x1b02da8cb0d097eb8d57a175b88c7d8b47997506
0x215bca3e9595371d1928004d92031cf2b04bbd21,0x1b02da8cb0d097eb8d57a175b88c7d8b47997506
0x4af63db4f5b593316100dc44b909ac106847af98,0x1b02da8cb0d097eb8d57a175b88c7d8b47997506
0x0414ab2d43867b37af9cb601b573e3937f4f8784,0x1b02da8cb0d097eb8d57a175b88c7d8b47997506
0x0d24a0d63905e91490ad1c747abef7682504033a,0x1b02da8cb0d097eb8d57a175b88c7d8b47997506
0xc60272e4308a602fcd5132be285536a3d55bef9f,0x1b02da8cb0d097eb8d57a175b88c7d8b47997506
0xc60272e4308a602fcd5132be285536a3d55bef9f,0x1b02da8cb0d097eb8d57a175b88c7d8b47997506
0x633720aeb426aa19c65ad1e0cb24870827d9f50d,0x1b02da8cb0d097eb8d57a175b88c7d8b47997506
0x550dba5a19206da0b21eeca6f14f79c8c3c47a5d,0xdd5890c8d03120b2e01ef4a66cb078507660a966
0xeb064cf2c3125a515204c1c64675257a478b2003,0x1b02da8cb0d097eb8d57a175b88c7d8b47997506
0xab8b69a5559d6dd52579e01080e601eaf5a05019,0x1b02da8cb0d097eb8d57a175b88c7d8b47997506
0xf0ff6595c18286528fab31fb13df47bc79199f03,0x7e506cc945b47ed08ac2d985f61b47ce4068823c
0x88eef5c17e73d62c063a9511da9a070aecd5981f,0x1b02da8cb0d097eb8d57a175b88c7d8b47997506
0x4a219b888fec9e2ec9b53405c1024934dbd7e676,0x10eeb4290488e6d4762622a57234cef9e68965b2
0x0b31dcb1db8a0c0f349c1f44069e118ddda8a507,0x1b02da8cb0d097eb8d57a175b88c7d8b47997506
0xcbba33894b94fbdfccdfcb6234c017e4243b053f,0x1b02da8cb0d097eb8d57a175b88c7d8b47997506
0x0bf3dfc37cdf00d20808218766d1023c74b1f22c,0x1b02da8cb0d097eb8d57a175b88c7d8b47997506
0x207bac1590e92e49b90d5d86fc4b336cd1c84e78,0x1b02da8cb0d097eb8d57a175b88c7d8b47997506
0x037dfd569defbc08ae28001159b4c49f6d006cff,0xba12222222228d8ba445958a75a0704d566bf2c8
0xb895d47db05e057e0ac5fa3456f3d0f58313f71a,0x1b02da8cb0d097eb8d57a175b88c7d8b47997506
0x51ca76c13d18eb3b9aad050e6c503c4bfa0619d2,0x7e506cc945b47ed08ac2d985f61b47ce4068823c
0xef375a5542286d3cdd9ee4dac764efb3685669c6,0x1111111254fb6c44bac0bed2854e76f90643097d
0x6d7221c5533a7800a07f8f17c6bf8e13bd84597c,0x1b02da8cb0d097eb8d57a175b88c7d8b47997506
0xd32f25dfa932b8064a81b8254e7997caebc85f97,0x7e506cc945b47ed08ac2d985f61b47ce4068823c
0x17dcff4b8f6eb32b2e7c58a83b78377a645381e8,0x7e506cc945b47ed08ac2d985f61b47ce4068823c
0x278a194dddb438d343fc25f8175b8aa978e36360,0x1b02da8cb0d097eb8d57a175b88c7d8b47997506
0x2503fa2edb7546cd6d2e9905b2c94ac405ec9415,0x7e506cc945b47ed08ac2d985f61b47ce4068823c
0x12b959ed0b4430b59f4f8e1af6a8299b69364691,0x7e506cc945b47ed08ac2d985f61b47ce4068823c
0x19adc486cd84a5a342d54676bea8a16767cc74de,0x6e052cf95c85e9a9ccb0609352889b4e74371032
0x6e052cf95c85e9a9ccb0609352889b4e74371032,0x1b02da8cb0d097eb8d57a175b88c7d8b47997506
0xcaa8aef1f79b26d38c379a52b1137c4af7faceac,0xc6e45459a0dbee38dcf4913c431b314993c8d7f0
0xc19f790702b9830ac810b7bef1d2c996391793b1,0x8a91399c38bb40df2743ff242bb14a302f106cfd
0xf5f046e55506fe63edd22ee49a83a8810a9ba1c2,0x1b02da8cb0d097eb8d57a175b88c7d8b47997506
0x294307a59b53ac1684f03558499578d16b68443e,0x7e506cc945b47ed08ac2d985f61b47ce4068823c
0x3dac2b3d450e2f989743c1aaa2991fee18de9225,0x1b02da8cb0d097eb8d57a175b88c7d8b47997506
0xd77181b9a6f6a3c0690cf647b485a0c15e2de0c2,0x1a1ec25dc08e98e5e93f1104b5e5cdd298707d31
0x72dee56991fd9bc95ff5c6eb90daf7fcb568a800,0xd77181b9a6f6a3c0690cf647b485a0c15e2de0c2
0x93b2ed67fc70c9c23cec73d99d9b16d12608ca3b,0x1b02da8cb0d097eb8d57a175b88c7d8b47997506
0x98f00334aa48ca9f3e260967c6e491674833092d,0x270252f658077f17d23912f758a619787696564e
0x10007493924d0ec1726de74b0ba547c3d89b0f40,0x1b02da8cb0d097eb8d57a175b88c7d8b47997506
0xf6bb9ee3bdcbf31a06f48738c914fd9de9a68f6b,0x1b02da8cb0d097eb8d57a175b88c7d8b47997506
0xdf2fd206ffba45ba52ccc7100d452f2ec5d7827a,0x7e506cc945b47ed08ac2d985f61b47ce4068823c
0x1cae2a5d9e779217163ac2f3d95c974c0d04f0b0,0x1b02da8cb0d097eb8d57a175b88c7d8b47997506
0x339f5052b6235629761714c130418675a8ed1cc4,0x1b02da8cb0d097eb8d57a175b88c7d8b47997506
0xe5636835b6926b7903524dcbe2eb1d360351e914,0x1b02da8cb0d097eb8d57a175b88c7d8b47997506
0x8a1b331033c57fd0cef4577f4d10984a58ae8348,0x1b02da8cb0d097eb8d57a175b88c7d8b47997506
0x65c589cba50ec81d03103b2dfb3ede53dfa60edc,0x7e506cc945b47ed08ac2d985f61b47ce4068823c
0x892276dbbfd218e23b1c1801eaa207aaec2d6926,0x7e506cc945b47ed08ac2d985f61b47ce4068823c
0x2a9df18851de9ad01a991abf502b3ac181a74479,0xdef1c0ded9bec7f1a1670819833240f027b25eff
0x3112f65176385bc6e39248d3f4fdf3c40d3817d9,0x1b02da8cb0d097eb8d57a175b88c7d8b47997506
0x270252f658077f17d23912f758a619787696564e,0x1b02da8cb0d097eb8d57a175b88c7d8b47997506
0x06e7da915b95580cb81e17bdb962911e71c0c4ac,0x1b02da8cb0d097eb8d57a175b88c7d8b47997506
0xed775be8dd8e1e138a0fe647389c872e4dbdc0d0,0x1b02da8cb0d097eb8d57a175b88c7d8b47997506
0xe17c0ddae38ff804d973a2b065ff2fa1ff788b1d,0x1b02da8cb0d097eb8d57a175b88c7d8b47997506
0xa3ee7fd776fc436f0a4b464de2a3b73eebfdc5bb,0xcb861bcfebdcb779c77ee0d1a2f6aff731e1fd07
0xa3ee7fd776fc436f0a4b464de2a3b73eebfdc5bb,0xf84fb31d69a8de5752c2218896712b5ed224fceb
0xa353e1c694c108016ba127c36b0fb85138c14489,0x1b02da8cb0d097eb8d57a175b88c7d8b47997506
0x4f5196620ab1672502a9a18ad65d384c81102381,0x1b02da8cb0d097eb8d57a175b88c7d8b47997506
0x6d2856eb6f8fcce12af02ad000e862759522223c,0xb3441422492864027ba1e0cd16155e9fd7effd71
0xf84fb31d69a8de5752c2218896712b5ed224fceb,0x7e506cc945b47ed08ac2d985f61b47ce4068823c
0xa88ac3abe0821e8590f37587a761aab44ed7c37d,0xfb4b3bb612dcfc53cab538e29ff5a64d3868509a
0xfb4b3bb612dcfc53cab538e29ff5a64d3868509a,0x1b02da8cb0d097eb8d57a175b88c7d8b47997506
0xc37b3e7143ef5515eabefe9c7fc2740abc8ddd1f,0x736f34ebf41697bb0ecfbe6add8804d0b0b00a2e
0x028edad1e233e1d094925ee54d71368bce668f36,0x1b02da8cb0d097eb8d57a175b88c7d8b47997506
0x736f34ebf41697bb0ecfbe6add8804d0b0b00a2e,0x7e506cc945b47ed08ac2d985f61b47ce4068823c
0xaae7013fa7a23cc9dcd8be47267b23422c607b02,0x1b02da8cb0d097eb8d57a175b88c7d8b47997506
0xc7433bdbddd1425b5c43264d2f522527e4d6135c,0xdf1a1b60f2d438842916c0adc43748768353ec25
0x19b0ac192bdb7a495adb476856a1646d2a92742a,0x1b02da8cb0d097eb8d57a175b88c7d8b47997506
0x82ff77f5e4fba83635b8ea80c058dbddb70c0f2a,0x1b02da8cb0d097eb8d57a175b88c7d8b47997506
0x3002a0886bff068d77ec03614ccee4cdf9e5a933,0x7e506cc945b47ed08ac2d985f61b47ce4068823c
0x3002a0886bff068d77ec03614ccee4cdf9e5a933,0x7e506cc945b47ed08ac2d985f61b47ce4068823c
0x58be434ef4694ffb03f71dbbba471b23dff2b0c1,0x1b02da8cb0d097eb8d57a175b88c7d8b47997506
0x3002a0886bff068d77ec03614ccee4cdf9e5a933,0x1b02da8cb0d097eb8d57a175b88c7d8b47997506
0xd9555fe54dbe68a147f78f88672ed93206b5d6a4,0x0ceb6f81b93ae3a40f5e8dc184cc821430f95d2e
0x0ceb6f81b93ae3a40f5e8dc184cc821430f95d2e,0x7e506cc945b47ed08ac2d985f61b47ce4068823c
0x0ceb6f81b93ae3a40f5e8dc184cc821430f95d2e,0x7e506cc945b47ed08ac2d985f61b47ce4068823c
0x0ceb6f81b93ae3a40f5e8dc184cc821430f95d2e,0xd9555fe54dbe68a147f78f88672ed93206b5d6a4
0x0bfc5dd190ca86b78a927f7b014805941752b87c,0x1b02da8cb0d097eb8d57a175b88c7d8b47997506
0x0130b68a18a612892374e1eefbb0697a291215f1,0x1b02da8cb0d097eb8d57a175b88c7d8b47997506
0xb8809e9c0723df148ef08195f8481ecf809c7ef2,0x1b02da8cb0d097eb8d57a175b88c7d8b47997506
0x919c0e02cab272b50d0cfa2c70a653ce96f589a6,0xb9de157454c26d22ecf7c9e5635522777d23f73a
0x9096a1db0cbd112ceaa648542d3a361e925b2554,0xd83615352ade89ef165d9a4c496cef341a42b901
0xd8d7ec08dd6ab1b7cdedce7e2d8035d636b61a45,0x1b02da8cb0d097eb8d57a175b88c7d8b47997506
0xcaa8aef1f79b26d38c379a52b1137c4af7faceac,0xc6e45459a0dbee38dcf4913c431b314993c8d7f0
0xd9aa67c7aa3b9d1bb1fa7c4dbbbf3a095f2a0539,0x1b02da8cb0d097eb8d57a175b88c7d8b47997506
0x2503fa2edb7546cd6d2e9905b2c94ac405ec9415,0x216b4b4ba9f3e719726886d34a177484278bfcae
0x810b1a47b11be587d9d10f42ee9799b8b7062795,0x1b02da8cb0d097eb8d57a175b88c7d8b47997506
0xb5507aa0efd9e1b6c343c9ec3f5b4e5c40cef654,0xaa69d48b887dd7b9d6a6c1c74dc4f8b600d06924
0xd0dcd376b00d204b814651b806022ea2b0d01d4d,0x1b02da8cb0d097eb8d57a175b88c7d8b47997506
0x36b3b89fb666221e0690582d24bdfe3df8d3fe8a,0x1b02da8cb0d097eb8d57a175b88c7d8b47997506
0xe5a497f1de66b73121e0bfbcb9ffa05bc6bd9d95,0x1b02da8cb0d097eb8d57a175b88c7d8b47997506
0xd1cd8206521da1823887155530998c392d4fc2af,0x1b02da8cb0d097eb8d57a175b88c7d8b47997506
0x81a66d4a3c573ed51d20aef046a1f40b22ab9fd9,0x1b02da8cb0d097eb8d57a175b88c7d8b47997506
0x860c9054992dcc6ff859e2f88186c5dcbfdd4945,0x1b02da8cb0d097eb8d57a175b88c7d8b47997506
0x6e99f6c79d8dd54b4244d84d89fb6d61377c42a7,0xe41922d5ccaa8fede29df564bda024fa1dc60fb2
0x1d92f22c9359d164c0da59faa9087bcb4253e956,0x1b02da8cb0d097eb8d57a175b88c7d8b47997506
0x1b4d47d05ebedad3ad43e3a73f9d27109a8f1d5c,0x1b02da8cb0d097eb8d57a175b88c7d8b47997506
0x064edaf4d547419d66be70b4630f8d574ba02b52,0x1a1ec25dc08e98e5e93f1104b5e5cdd298707d31
0x35977cf9b9a753d11e043452418d01f37d93084e,0x394db8d8d930ea5ac9bf94621cba0d439e2cb0b1
0x60a5b234647bbc643e8fd196f7b813de773b321c,0x1b02da8cb0d097eb8d57a175b88c7d8b47997506
0x5f4422a30b012835773f65ae9983042df1aaf7f0,0x1b02da8cb0d097eb8d57a175b88c7d8b47997506
0x404de095014f0d13f30eec711e6b0420eeb1feae,0x1a1ec25dc08e98e5e93f1104b5e5cdd298707d31
0xcaa8aef1f79b26d38c379a52b1137c4af7faceac,0xc6e45459a0dbee38dcf4913c431b314993c8d7f0
0xe83ae636afefac74e5fa6d86b2f43a6006d1af18,0x1b02da8cb0d097eb8d57a175b88c7d8b47997506
0x40c14c8fe2e0ac445cca9ffcd8046eb092f0193d,0x7e506cc945b47ed08ac2d985f61b47ce4068823c
0x4dd52ab824dc1e685f015aa34915a9d48ec187f2,0x1b02da8cb0d097eb8d57a175b88c7d8b47997506
0x6a4756e93f27f8bd36ee0389fa28598cfa8140fa,0x7e506cc945b47ed08ac2d985f61b47ce4068823c
0x9db287efc65b02d73aebb5e483c79a94223260f7,0xe3f040ad92770b94af6a83cbc4415875c33ee287
0x3a99aadc22981fac57c2ea0cea84766e33b577ef,0x68b3465833fb72a70ecdf485e0e4c7bd8665fc45
0x6e5f7bd9b940287f6c9ae8a2ecfb93224a09cba5,0x1b02da8cb0d097eb8d57a175b88c7d8b47997506
0x5a98dbceeca053b7845fc4dd79124f66908ade50,0x1b02da8cb0d097eb8d57a175b88c7d8b47997506
0xa15d8708bd0c0a1b9bc137ee042d004c11105daa,0x1b02da8cb0d097eb8d57a175b88c7d8b47997506
0xac5937379e9d5645568a45640f6e98c591559287,0x7e506cc945b47ed08ac2d985f61b47ce4068823c
0xeb92a882bc7ab30d2da98a47dee7681fff3d004a,0x1b02da8cb0d097eb8d57a175b88c7d8b47997506
0xa206d3731a2291bd1ef26ca037cc8110e0fda150,0x1b02da8cb0d097eb8d57a175b88c7d8b47997506
0xa206d3731a2291bd1ef26ca037cc8110e0fda150,0x1b02da8cb0d097eb8d57a175b88c7d8b47997506
0x9785e8f7bc38d60f0e3270e8be02e3f3afa553e0,0x1b02da8cb0d097eb8d57a175b88c7d8b47997506
0x2a9bb7bb4a9038eef914c172fcf5a22c0d486457,0x1b02da8cb0d097eb8d57a175b88c7d8b47997506
0x7fe8faeb6ab16474d839474f4a2e517355b69c16,0x1a1ec25dc08e98e5e93f1104b5e5cdd298707d31
0x38b8348c1bb31e2da3696f916db60db2c56a95ca,0x1b02da8cb0d097eb8d57a175b88c7d8b47997506
0x7f47af3fb938fb18177f81ca7086660d7431a9d2,0x7e506cc945b47ed08ac2d985f61b47ce4068823c
0xed14a702d976343818d94c491118fb4fe9077e09,0x7e506cc945b47ed08ac2d985f61b47ce4068823c
0x408061d4a0ab09ddb3d98a2f1e011e8c61005aa0,0xdef1c0ded9bec7f1a1670819833240f027b25eff
0xed14a702d976343818d94c491118fb4fe9077e09,0x7e506cc945b47ed08ac2d985f61b47ce4068823c
0xe1b64481bef324c91045cfb4c6c96ece4f75b5e6,0xb707d89d29c189421163515c59e42147371d6857
0xf9ccd38e90a27952f492f04402f74947769801b7,0x216b4b4ba9f3e719726886d34a177484278bfcae
0xbc95d039fd14ea1ed25ed10a542caa3d8f72e537,0x1b02da8cb0d097eb8d57a175b88c7d8b47997506
0xcaa8aef1f79b26d38c379a52b1137c4af7faceac,0xc6e45459a0dbee38dcf4913c431b314993c8d7f0
0xb9de157454c26d22ecf7c9e5635522777d23f73a,0x919c0e02cab272b50d0cfa2c70a653ce96f589a6
0x9db287efc65b02d73aebb5e483c79a94223260f7,0xe3f040ad92770b94af6a83cbc4415875c33ee287
0x2bfe6398fee545f1f422db3f65ec86e09385b900,0x4bd69a8ceb37b52aa03df9ee80a58f94d6a1fb33
0x071489b287c20c413f28a17729b1c954bc01d5b8,0x1b02da8cb0d097eb8d57a175b88c7d8b47997506
0xaa69d48b887dd7b9d6a6c1c74dc4f8b600d06924,0x7e506cc945b47ed08ac2d985f61b47ce4068823c
0xee0977cbbe9e836c2ec93b77d61fd9e05630cbbd,0xf41bd51f14640d9558c190ce5b017e2d84256cb5
0xcaa8aef1f79b26d38c379a52b1137c4af7faceac,0xc6e45459a0dbee38dcf4913c431b314993c8d7f0
0xbec443e9394aa9a4fb39974c199ddaee89475098,0x7e506cc945b47ed08ac2d985f61b47ce4068823c
0xc5c8c70f3be8cd153a76414777348a49731681e3,0xdba61bcfb729d10507baa37b41617ad72e897d62
0xc758aa4d5633d8ab3dffa1a616150026eb971c58,0x1b02da8cb0d097eb8d57a175b88c7d8b47997506
0xb643f6393171ccccbe72cce3cc7f867fe6fbf201,0x273a7b4036af0305b2f558280db8925359c42c5c
0x968a0e5603c5d4dbf24cbd7df562921d158ad19c,0xe2665c6b02ea68e0cf3ef1a74b88155ef10243a0
0xbf2902bc7651b502541fc675bc9cde07123e0a6e,0x7e506cc945b47ed08ac2d985f61b47ce4068823c
0xee0977cbbe9e836c2ec93b77d61fd9e05630cbbd,0xf41bd51f14640d9558c190ce5b017e2d84256cb5
0x273a7b4036af0305b2f558280db8925359c42c5c,0x1b02da8cb0d097eb8d57a175b88c7d8b47997506
0xee0977cbbe9e836c2ec93b77d61fd9e05630cbbd,0xf41bd51f14640d9558c190ce5b017e2d84256cb5
0x459d59151505d4f18abc8deccbcf43ecc34e11ef,0x1b02da8cb0d097eb8d57a175b88c7d8b47997506
0x52b53fcd5fca89cc041347fe0c5691e68e97eef1,0x1b02da8cb0d097eb8d57a175b88c7d8b47997506
0x5f087044f0af32344cd4b26ffe77e375140df51f,0x1b02da8cb0d097eb8d57a175b88c7d8b47997506
0xa6284f3d613c3db852fb364e2f0b9e06627c921d,0x7e506cc945b47ed08ac2d985f61b47ce4068823c
0x5fff7957023f267ef6af6df6920e2199093d231f,0x1b02da8cb0d097eb8d57a175b88c7d8b47997506
0xa18c857258eec0c5de1647a6d318f8e1e9a66c7f,0x7e506cc945b47ed08ac2d985f61b47ce4068823c
0xfaaaa71338ab67829ac94b36099e4032ff8f6954,0x7e506cc945b47ed08ac2d985f61b47ce4068823c
0xaa69d48b887dd7b9d6a6c1c74dc4f8b600d06924,0x1b02da8cb0d097eb8d57a175b88c7d8b47997506
0xf260029a51933376dce9e60d0ab0be2c6403746b,0x1b02da8cb0d097eb8d57a175b88c7d8b47997506
0xb2b03b9e0fe8515f31fb1756c81c93800bfc173b,0x1b02da8cb0d097eb8d57a175b88c7d8b47997506
0xb0b0cd61710d3d537a26ad041e841e51eb53afe6,0x1b02da8cb0d097eb8d57a175b88c7d8b47997506
0xd956d35c348daa334245402a31fde52120b1dcff,0x1b02da8cb0d097eb8d57a175b88c7d8b47997506
0xec121864084f3f2223a301bd1aa68cfc62632ac3,0x7e506cc945b47ed08ac2d985f61b47ce4068823c
0x3d9c2d360b72fdc46630c64dd779605e71416435,0x1b02da8cb0d097eb8d57a175b88c7d8b47997506
0x7fda975386a245bc3437e7f2856f963b636da45b,0x1b02da8cb0d097eb8d57a175b88c7d8b47997506
0x9be96a6e861d2e5aff1fe0738bed664b6f0b543e,0x7e506cc945b47ed08ac2d985f61b47ce4068823c
0xf97525561f57ff98705a6bc735381c8c2b241745,0x1b02da8cb0d097eb8d57a175b88c7d8b47997506
0xe4e6733ddb6a0ca1649e5c108b95e86473a987a6,0x1111111254fb6c44bac0bed2854e76f90643097d
0xd554e03c583a499610944798d1f17a52088abc92,0x1b02da8cb0d097eb8d57a175b88c7d8b47997506
0x39ed0a9370aabcb276283023a9e16612a54fb4ab,0xbf5077ddb60cfbf4c7fb3839e9b251413cd51671
0x5f4422a30b012835773f65ae9983042df1aaf7f0,0x7e506cc945b47ed08ac2d985f61b47ce4068823c
0x0dfc862af9f6ae9cc9532587bc5ac6172c1ac67c,0xdef1c0ded9bec7f1a1670819833240f027b25eff
0xa80f4b0e958bb28bfe4b77770dffcd95037a9989,0x1b02da8cb0d097eb8d57a175b88c7d8b47997506
0x64a004a4a40661c036d25c8fe182c6aae0ad4c1d,0x7e506cc945b47ed08ac2d985f61b47ce4068823c
0xcccf938a06f65e5f881e093a3d6cbd91c2505635,0x1a1ec25dc08e98e5e93f1104b5e5cdd298707d31
0x36328919284c4478e804b7d4e9986c9571d68223,0x1b02da8cb0d097eb8d57a175b88c7d8b47997506
0x4188d6d3a476affd6781fd8d68d280e0d8ab774f,0x1b02da8cb0d097eb8d57a175b88c7d8b47997506
0xd3f2cc7977dac829be711ea44dd84ccf7856ecea,0xe42cf7c3c65e1bdb367389cfa65065023ea5333b
0x62c1c6079c3317c51caaac75d32e92e577de6c13,0x828ffe0677fee94a371d369d010ce8cfab9b8d57
0xe46a064257e1f6d676029df69fa43239139af662,0x1b02da8cb0d097eb8d57a175b88c7d8b47997506
0xcaa8aef1f79b26d38c379a52b1137c4af7faceac,0xc6e45459a0dbee38dcf4913c431b314993c8d7f0
0xd983f3423231a0cf923a666cfa669199b2506021,0x1b02da8cb0d097eb8d57a175b88c7d8b47997506
0x35977cf9b9a753d11e043452418d01f37d93084e,0x394db8d8d930ea5ac9bf94621cba0d439e2cb0b1
0xb89d8c41c5c37dcc0778990cebe926a5e9150884,0x1b02da8cb0d097eb8d57a175b88c7d8b47997506
0x6e557cf1e749d8e5803a2994eeac5ba3e83b0a11,0x7e506cc945b47ed08ac2d985f61b47ce4068823c
0xe6816d3371bfa4020adbdc31513b8f0da0d762a6,0x1b02da8cb0d097eb8d57a175b88c7d8b47997506
0x0e05e664c0a7b7a258c501be8cf35870ed364052,0xb043fcdcabb260f1150e02705e46b583bd7c44b3
0x394db8d8d930ea5ac9bf94621cba0d439e2cb0b1,0x51f39b244d0c1d85c1b98d833959531b355ad1b4
0xe907eb7821eb438b2b5aac01ea225bfbf18bde6e,0x1b02da8cb0d097eb8d57a175b88c7d8b47997506
0x0168d8e76bf2f7a2b12a8a9042452eeae18aab84,0x5b56fa8ead134837e1416de85c07a4dd53d79253
0x67aeffbf7e7be172643ec7b661da08938a393e8d,0x1b02da8cb0d097eb8d57a175b88c7d8b47997506
0xbd1293983cbdc189f986bafda8cbf9f37fb30e2c,0x39ed0a9370aabcb276283023a9e16612a54fb4ab
0x1f23c123cc8f8efd820ef17d6a7a778dfa0cd943,0x1b02da8cb0d097eb8d57a175b88c7d8b47997506
0x095b2ce3c0b77bcd0aebf7d6b0ea12d0284422dc,0x7e506cc945b47ed08ac2d985f61b47ce4068823c
0x26af3a8517e79f811d9041ede3e6cc4dbd1b8106,0x7e506cc945b47ed08ac2d985f61b47ce4068823c
0x26af3a8517e79f811d9041ede3e6cc4dbd1b8106,0x7e506cc945b47ed08ac2d985f61b47ce4068823c
0x92540022720cb0d6de3fc61d7d6d3a6c67c8c119,0x1b02da8cb0d097eb8d57a175b88c7d8b47997506
0xf89bbfe33ad003f02be7781bc18931a4e4eb9235,0x1b02da8cb0d097eb8d57a175b88c7d8b47997506
0xc593bb78eb561cdb3bb7c1dbc28b6c2bcae8f133,0x1b02da8cb0d097eb8d57a175b88c7d8b47997506
0x7e2c0ecc61aed61fc0052a70d29cb01d2aac68de,0xbd4b950aa6a3d957f1d72a6aa0e704fc5d5953f3
0xfcff5d8987a630c89f462093d1752a2cf8420a9f,0x1b02da8cb0d097eb8d57a175b88c7d8b47997506
0x942b04e62bd86b1e273f3df3e52b7a980b5f07ba,0x216b4b4ba9f3e719726886d34a177484278bfcae
0x77ddf16249d93fdc64d4467463c27972d74400aa,0x1b02da8cb0d097eb8d57a175b88c7d8b47997506
0x5c310539802035c4b04b95822224f95e3f3ddce8,0x7e506cc945b47ed08ac2d985f61b47ce4068823c
0x0d2dcdc2b2dd3d17cb464b984d98944934072a23,0x14bf9ca230696c30debd63f74db343da62f42a72
0x6fd25c118e51806cd9177699f58456da824cfb74,0x116928401eb69fa0c7b1671a2524d7f102353973
0x14bf9ca230696c30debd63f74db343da62f42a72,0x7e506cc945b47ed08ac2d985f61b47ce4068823c
0x116928401eb69fa0c7b1671a2524d7f102353973,0x7e506cc945b47ed08ac2d985f61b47ce4068823c
0x6fd25c118e51806cd9177699f58456da824cfb74,0x63acc7f4533e255083f68b0d5ba0a97a54c5ca92
0x8cdd32989e43c721ed715c56b6a7229d38dec069,0x1b02da8cb0d097eb8d57a175b88c7d8b47997506
0x6e7a43532f4db60b282cecf968e0264ed75da967,0x1b02da8cb0d097eb8d57a175b88c7d8b47997506
0xcaa8aef1f79b26d38c379a52b1137c4af7faceac,0xc6e45459a0dbee38dcf4913c431b314993c8d7f0
0xc6e4c1871fdc938be2cc2f729789f32bf9c7b075,0x1b02da8cb0d097eb8d57a175b88c7d8b47997506
0xf91d50a7c858a8c2aadf467b118a17a2a0744de0,0x1a1ec25dc08e98e5e93f1104b5e5cdd298707d31
0x354f95a3b3950d6dde0e6c8e1c1432120bf0a07b,0x1b02da8cb0d097eb8d57a175b88c7d8b47997506
0x8b2856fbd13d98b30c7bd47114284dffb7d223c9,0xdef1c0ded9bec7f1a1670819833240f027b25eff
0xcb5e3114ef98cd83d7d99e1f4994dacc29502a87,0xf329d15e72a6abed9f9290f1065312819f43727a
0xf329d15e72a6abed9f9290f1065312819f43727a,0x1b02da8cb0d097eb8d57a175b88c7d8b47997506
0xffe11091221459fa81c7a368a00b8d2cd2c3cfbd,0x1b02da8cb0d097eb8d57a175b88c7d8b47997506
0x0364b3a8bd7fcf61e1a6a3c4a89a920e163604c0,0x1a1ec25dc08e98e5e93f1104b5e5cdd298707d31
0x0ae5f2deeaa313faa4a5d187328985d301e37021,0x1b02da8cb0d097eb8d57a175b88c7d8b47997506
0x45469e5cc336c611b4478c18607869de890823cc,0xdf1a1b60f2d438842916c0adc43748768353ec25
0x1d38662c1688c6ee8a56126fa6f8bd4e8f570e84,0xdf1a1b60f2d438842916c0adc43748768353ec25
0x388cad06256a829f3d57642acdc11950453a62c4,0x1b02da8cb0d097eb8d57a175b88c7d8b47997506
0xd23d1c87af3147608cd56f1c90d41ffa8469be97,0x1b02da8cb0d097eb8d57a175b88c7d8b47997506
0xd22df258cbb64bef3844d5ae87938aff4e7d99e0,0x1b02da8cb0d097eb8d57a175b88c7d8b47997506
0xe8f491774e0e0a1c5729de92b38f5d081974ee55,0x1b02da8cb0d097eb8d57a175b88c7d8b47997506
0xcd568680d123bb9461eee97c84502c7152753262,0x7e506cc945b47ed08ac2d985f61b47ce4068823c
0x5077a003c6fceefac481cc4710bd473866b36f8f,0x1b02da8cb0d097eb8d57a175b88c7d8b47997506
0xcaa8aef1f79b26d38c379a52b1137c4af7faceac,0xc6e45459a0dbee38dcf4913c431b314993c8d7f0
0x0b5e27f1772d56f151cee4b0eecde1ae37c5164a,0x7e506cc945b47ed08ac2d985f61b47ce4068823c
0x7be93d4cebabde8b2d5a2b841a423a478b22f469,0xc35cbdba04260035cec2fb1d4b19d6fef434c772
0x792a257ccf6565d3f846db39b5b3b4b10b9620b1,0x1b02da8cb0d097eb8d57a175b88c7d8b47997506
0x5077a003c6fceefac481cc4710bd473866b36f8f,0x7e506cc945b47ed08ac2d985f61b47ce4068823c
0x1a16b5426c9b917314c65e92985605ba46bfb4b6,0x7e506cc945b47ed08ac2d985f61b47ce4068823c
0x35977cf9b9a753d11e043452418d01f37d93084e,0x394db8d8d930ea5ac9bf94621cba0d439e2cb0b1
0xf56036f6a5d9b9991c209dcbc9c40b2c1cd46540,0x1111111254fb6c44bac0bed2854e76f90643097d
0x1c0c40b1710c8259a4f807a775ecc549c05e733b,0x1b02da8cb0d097eb8d57a175b88c7d8b47997506
0x09e4e5cb02cb3b7e83a684f40b8f5d98fc7cd534,0x1b02da8cb0d097eb8d57a175b88c7d8b47997506
0xd2fae2a3f29e0163e2b59021e8a82443f507cf2f,0xd497a4a178a347d401de316ffa501f2f285d8e72
0x87d9c2d9990a9f3a18f1377ff20d9945f9eb3792,0x47b0ec1bea7d8ecc7cf70c3bf82c5f5d15a96b6d
0xc9d745d40766c3275b85f1c42c9556b2dc6497d7,0x1b02da8cb0d097eb8d57a175b88c7d8b47997506
0x2e0a019ce23c3878f430523730db0e46ea934637,0xdef1c0ded9bec7f1a1670819833240f027b25eff
0xdd5890c8d03120b2e01ef4a66cb078507660a966,0xa5e0829caced8ffdd4de3c43696c57f7d7a678ff
0x2a63aa1be5b1124b55097e1b6265bd58457f7bf0,0x1b02da8cb0d097eb8d57a175b88c7d8b47997506
0xdd5890c8d03120b2e01ef4a66cb078507660a966,0x1b02da8cb0d097eb8d57a175b88c7d8b47997506
0xcaa8aef1f79b26d38c379a52b1137c4af7faceac,0xc6e45459a0dbee38dcf4913c431b314993c8d7f0
0x074a7cd1a0e02a8c8d481159052e5478c64819b8,0x7e506cc945b47ed08ac2d985f61b47ce4068823c
0x9984184c90849caaca4436c5dc8efb1506bd0c23,0x1b02da8cb0d097eb8d57a175b88c7d8b47997506
0xa821dabbc53b807a6dca431efde5a0da282be404,0x7e506cc945b47ed08ac2d985f61b47ce4068823c
0xa3ee7fd776fc436f0a4b464de2a3b73eebfdc5bb,0x1b02da8cb0d097eb8d57a175b88c7d8b47997506
0x3ed938791fb6f5944971ef2620fd1d3818109de2,0x1b02da8cb0d097eb8d57a175b88c7d8b47997506
0x3a0a3f491401ac9e6c2270ad6ed68edbc72d9be9,0x7e506cc945b47ed08ac2d985f61b47ce4068823c
0x042a71cdf7cd3a8e8f9b6cf46fcfb492fe7d1b5b,0x1b02da8cb0d097eb8d57a175b88c7d8b47997506
0x968a0e5603c5d4dbf24cbd7df562921d158ad19c,0xe2665c6b02ea68e0cf3ef1a74b88155ef10243a0
0x16fdf060032958b23d8a8e7f82c68f85d9db8a04,0xe2665c6b02ea68e0cf3ef1a74b88155ef10243a0
0x858dcff3a742ece5bf9ae20d7b1785d71097ed13,0x7e506cc945b47ed08ac2d985f61b47ce4068823c
0x261923a3ec1b46e21dfc24a79050eaa5066d0ed1,0x7e506cc945b47ed08ac2d985f61b47ce4068823c
0xe01b54179ebdeda6a3e4e2f19048dbf90a86c575,0x7e506cc945b47ed08ac2d985f61b47ce4068823c
0x3a4fbcf9c0f0d781712c81a6f782e7d31091d93a,0x1b02da8cb0d097eb8d57a175b88c7d8b47997506
0x0f1c872ffb923ecb5249bfa5f9234ef1d53b847c,0x1b02da8cb0d097eb8d57a175b88c7d8b47997506
0xa99851dd6babe78830d71ddc67ce2f802ae1c710,0x1b02da8cb0d097eb8d57a175b88c7d8b47997506
0x4bb4c1b0745ef7b4642feeccd0740dec417ca0a0,0x1b02da8cb0d097eb8d57a175b88c7d8b47997506
0x6bb12d5c1374b9b17257b6854ddc7cd1bdc0d066,0xc971d33e4e7d8d87ac1dc45dc0f2bf70c433f770
0xc971d33e4e7d8d87ac1dc45dc0f2bf70c433f770,0x7e506cc945b47ed08ac2d985f61b47ce4068823c
0x6bb12d5c1374b9b17257b6854ddc7cd1bdc0d066,0x4c3cfadf6576a079d7eecf8cbc24278cfbd6a11a
0x6bb12d5c1374b9b17257b6854ddc7cd1bdc0d066,0xe24363dee9504ea0a5425bf6eaf91ebda6ca0cfa
0xcaa8aef1f79b26d38c379a52b1137c4af7faceac,0xc6e45459a0dbee38dcf4913c431b314993c8d7f0
0xb837e7eba92f4d7e043343e95fd7b59d073d6a02,0x7e506cc945b47ed08ac2d985f61b47ce4068823c
0x042a71cdf7cd3a8e8f9b6cf46fcfb492fe7d1b5b,0x7e506cc945b47ed08ac2d985f61b47ce4068823c
0xb3cbbbfb6c2f5890b4a1f5fa6883322b69a0f9d9,0x7e506cc945b47ed08ac2d985f61b47ce4068823c
0xd25c2dd35d38ce7fe71e2549f1c8822cbd318911,0x7e506cc945b47ed08ac2d985f61b47ce4068823c
0xfa5db9e737e44f828e4358259f78164526661592,0x7e506cc945b47ed08ac2d985f61b47ce4068823c
0x840b7a7e3825366ac5fe2186cbe9d9cc4460917d,0x1b02da8cb0d097eb8d57a175b88c7d8b47997506
0x39ed0a9370aabcb276283023a9e16612a54fb4ab,0xbf5077ddb60cfbf4c7fb3839e9b251413cd51671
0x1f8fc222a449cc5efba80df8ac4b4d64acb76f0b,0x7e506cc945b47ed08ac2d985f61b47ce4068823c
0xeeb914eadf173c4b3f144bc4ae3e83e4d74d6894,0x1b02da8cb0d097eb8d57a175b88c7d8b47997506
0x6476296736cb223deffbd9a42a202734ab419385,0x7e506cc945b47ed08ac2d985f61b47ce4068823c
0x35977cf9b9a753d11e043452418d01f37d93084e,0x394db8d8d930ea5ac9bf94621cba0d439e2cb0b1
0x394db8d8d930ea5ac9bf94621cba0d439e2cb0b1,0xdef1c0ded9bec7f1a1670819833240f027b25eff
0x394db8d8d930ea5ac9bf94621cba0d439e2cb0b1,0x51f39b244d0c1d85c1b98d833959531b355ad1b4
0xaeded96ce60189dcd71f469477b56a66a14eb8c1,0x47b0ec1bea7d8ecc7cf70c3bf82c5f5d15a96b6d
0xaeded96ce60189dcd71f469477b56a66a14eb8c1,0x47b0ec1bea7d8ecc7cf70c3bf82c5f5d15a96b6d
0x4b9b03ca6f92eacc8625c8baec2eb52c0fcf136d,0x7e506cc945b47ed08ac2d985f61b47ce4068823c
0x4b9b03ca6f92eacc8625c8baec2eb52c0fcf136d,0x7e506cc945b47ed08ac2d985f61b47ce4068823c
0x28ce073752fa17897e04b99696685e9f61172733,0x950c073467b5e572527eac1dc3c6d49d01c83982
0xb723f4f3721369a8339b078985ec8fae9baecb75,0xf2b0189d1967eb376b43bbd20d8bad2f47ea31b2
0xc1650123de92c1c2a88ca02fa8df7efb9376e127,0x1b02da8cb0d097eb8d57a175b88c7d8b47997506
0xf2b0189d1967eb376b43bbd20d8bad2f47ea31b2,0x7e506cc945b47ed08ac2d985f61b47ce4068823c
0x82020a41e3bde413b92810ee9cca70c33f2d4402,0x1b02da8cb0d097eb8d57a175b88c7d8b47997506
0xcaa8aef1f79b26d38c379a52b1137c4af7faceac,0xc6e45459a0dbee38dcf4913c431b314993c8d7f0
0x0658a0290433db7a33d90dacc536630493c2fe93,0x1b02da8cb0d097eb8d57a175b88c7d8b47997506
0xcaab439d9f35a1ea01f02e0d710bd45a89517ea7,0x1a1ec25dc08e98e5e93f1104b5e5cdd298707d31
0xb4e8f505d97d22a9e397f7cf5cbf9a0a7afe22c6,0x7e506cc945b47ed08ac2d985f61b47ce4068823c
0x3055d970653a2d1785a989d2699ea50c0c96f159,0x1b02da8cb0d097eb8d57a175b88c7d8b47997506
0x4c732114eafedd82dc3804eee7cc878ff3d187c9,0x7e506cc945b47ed08ac2d985f61b47ce4068823c
0x4c732114eafedd82dc3804eee7cc878ff3d187c9,0x7e506cc945b47ed08ac2d985f61b47ce4068823c
0xe46e3412e699372f8e14dcf845b0fab7e0b74a5c,0x1b02da8cb0d097eb8d57a175b88c7d8b47997506
0x2809ec00b02d403f2e06b0c7a9c3ee94ff5d0f9d,0x1b02da8cb0d097eb8d57a175b88c7d8b47997506
0xfdf33338228a8f35d8ef3d958bbe4d9fd10bf673,0x7e506cc945b47ed08ac2d985f61b47ce4068823c
0x08caa3dc3ad4a8bd235c8a491c860a892a8d51fc,0x1b02da8cb0d097eb8d57a175b88c7d8b47997506
0x6b9f1c7559c1f650d42488421a72439fe1ac020b,0x7e506cc945b47ed08ac2d985f61b47ce4068823c
0xb3501cf736fece08a8ee7b3aa9517e18d372356c,0x47b0ec1bea7d8ecc7cf70c3bf82c5f5d15a96b6d
0x81b55fbe66c5ffbb8468328e924af96a84438f14,0x7e506cc945b47ed08ac2d985f61b47ce4068823c
0x4e6063f675706b87b802e751f227e7e0282400dd,0x1b02da8cb0d097eb8d57a175b88c7d8b47997506
0x3c72f78c2e716fe2a3d8e0101aca01415a8f5aae,0x1b02da8cb0d097eb8d57a175b88c7d8b47997506
0x5705c3ce73ccff7f834d3dce9b17c79b6233a30b,0x1b02da8cb0d097eb8d57a175b88c7d8b47997506
0x5705c3ce73ccff7f834d3dce9b17c79b6233a30b,0x7e506cc945b47ed08ac2d985f61b47ce4068823c
0x7cd228e96c7a88276171ab65b426ce77c5c1137a,0x7e506cc945b47ed08ac2d985f61b47ce4068823c
0x4568373f9760d88ed7d6cfdd7a29a1cf1f012012,0x84addf7b8b2acdb36d6374a044bb1c988cba38cc
0x8a91399c38bb40df2743ff242bb14a302f106cfd,0x2bbc34236bc43aa69702ca4117b6123fdbcc63a3
0x2bbc34236bc43aa69702ca4117b6123fdbcc63a3,0x7e506cc945b47ed08ac2d985f61b47ce4068823c
0xba1e9ce985725e402583cee1b1ffa2196512100c,0x1b02da8cb0d097eb8d57a175b88c7d8b47997506
0xb6b0bfb5df404f4f219977d73b038f6327ed2abd,0x1a1ec25dc08e98e5e93f1104b5e5cdd298707d31
0x73e05ef7775eca892251c76c084a8fe3cd6a391d,0x5f662c4197634e85d9cb3fd6527d114a062058b9
0xae7803a9bba880b44e6d28b09377dee41e766513,0x5f662c4197634e85d9cb3fd6527d114a062058b9
0xe51b1b1ba4bcb5305a309d32d232de6106f7cbc6,0x1b02da8cb0d097eb8d57a175b88c7d8b47997506
0xcf32ec91bf580ee9bf9a1257b2529b6738ff267c,0x7e506cc945b47ed08ac2d985f61b47ce4068823c
0x42ec4f1c4c0e2f273ddbe1d97a909f4e6e9247fe,0x1b02da8cb0d097eb8d57a175b88c7d8b47997506
0xcaa8aef1f79b26d38c379a52b1137c4af7faceac,0xc6e45459a0dbee38dcf4913c431b314993c8d7f0
0x84addf7b8b2acdb36d6374a044bb1c988cba38cc,0x1b02da8cb0d097eb8d57a175b88c7d8b47997506
0x3ca59bff17469d7ee853000e9ec06c4883b2af65,0x83de478b0c75b926f14dc92aa9930a9d00488c8f
0x098ab96efa30dcb35d5e09e373c0f132d3450be3,0x978e1d46516009bafc2765962999f9b7773e3074
0x26b1747f6e86e4621f332722e6a927dacdb5ff93,0x7e506cc945b47ed08ac2d985f61b47ce4068823c
0x35977cf9b9a753d11e043452418d01f37d93084e,0x394db8d8d930ea5ac9bf94621cba0d439e2cb0b1
0xc8ac643e935208d8921538f93da5935faff73427,0x1b02da8cb0d097eb8d57a175b88c7d8b47997506
0x7f1d4d2c6e8490aac7f93c15177e9ef08f292c91,0x1b02da8cb0d097eb8d57a175b88c7d8b47997506
0x810792ba1ffda4d3c479de531707ac56f4fe8ed1,0x1b02da8cb0d097eb8d57a175b88c7d8b47997506
0x394db8d8d930ea5ac9bf94621cba0d439e2cb0b1,0x51f39b244d0c1d85c1b98d833959531b355ad1b4
0x7962c712176bfe12413998687a11b296c0efadc9,0x7e506cc945b47ed08ac2d985f61b47ce4068823c
0x799cd72d86a6aa46876c2689a13637cbe6ae89da,0x1a1ec25dc08e98e5e93f1104b5e5cdd298707d31
0x7962c712176bfe12413998687a11b296c0efadc9,0x1b02da8cb0d097eb8d57a175b88c7d8b47997506
0x3488062d0a3f0252bcec8b68ae91ff3ca9bf4136,0x1a1ec25dc08e98e5e93f1104b5e5cdd298707d31
0x33459fff9e609e7969554a4d76c0e1d38f545d57,0x0086360bd0e9388957945f138c23dc681dba233e
0x1793a9d2752a0e65ea66e1d5f536d59717d622a4,0x1b02da8cb0d097eb8d57a175b88c7d8b47997506
0x9984184c90849caaca4436c5dc8efb1506bd0c23,0x7e506cc945b47ed08ac2d985f61b47ce4068823c
0x8874174a2366668d54fea6343f71709389563c8a,0x1b02da8cb0d097eb8d57a175b88c7d8b47997506
0x0c24f8af31b9b552923ba36b29f484eabb7fa0d2,0x1b02da8cb0d097eb8d57a175b88c7d8b47997506
0xd554e03c583a499610944798d1f17a52088abc92,0x7e506cc945b47ed08ac2d985f61b47ce4068823c
0xd554e03c583a499610944798d1f17a52088abc92,0x7e506cc945b47ed08ac2d985f61b47ce4068823c
0x9e9730568141e1ed39448575d51215e9070f9b01,0x1b02da8cb0d097eb8d57a175b88c7d8b47997506
0x9e9730568141e1ed39448575d51215e9070f9b01,0x7e506cc945b47ed08ac2d985f61b47ce4068823c
0xcf581d874616c197391af9eddd609950e3252043,0x7e506cc945b47ed08ac2d985f61b47ce4068823c
0x87f7eb682a36321cca0cb143d50cae6d8a1e1b2b,0xd2e96bc55495b2a17f8f59feb21ac805799d8c6f
0x5e7e9c93608336ff5068893fc09a594eec5f15a4,0x1b02da8cb0d097eb8d57a175b88c7d8b47997506
0xe91cbc483a8fda6bc377ad8b8c717f386a93d349,0xc4cb9c709deac4ccba0eee788a1ffe65bf84b38f
0xc4cb9c709deac4ccba0eee788a1ffe65bf84b38f,0x7e506cc945b47ed08ac2d985f61b47ce4068823c
0x404de095014f0d13f30eec711e6b0420eeb1feae,0x1b02da8cb0d097eb8d57a175b88c7d8b47997506
0xe1bf4953569c43341b6565465dcd1a4f8fea8460,0x216b4b4ba9f3e719726886d34a177484278bfcae
0x427e27356ef26855c13c6badd1f771e1c14a93a2,0x1b02da8cb0d097eb8d57a175b88c7d8b47997506
0x5dbc928d3d2c3badf7e4c78886ea7c3eba2a9662,0xdef1c0ded9bec7f1a1670819833240f027b25eff
0x56f2c4cb8518d0a4ec749593df574f7597a36140,0x10b47d0100f0493d811f4aeb443f98875a0487cf
0x10b47d0100f0493d811f4aeb443f98875a0487cf,0x56f2c4cb8518d0a4ec749593df574f7597a36140
0x0983bab359bd8c793017df035d920be0baac2bea,0xd537413a3651fe87443526c38977b9ce86448696
0x6fb37ea41054b64c9bb752dc6ed601a6fb7b5908,0xf2e4209afa4c3c9eaa3fb8e12eed25d8f328171c
0x2e51579a356a471977ffabbbf0592b92c96f375b,0x7e506cc945b47ed08ac2d985f61b47ce4068823c
0x2e51579a356a471977ffabbbf0592b92c96f375b,0x7e506cc945b47ed08ac2d985f61b47ce4068823c
0x1dd1db0b7e37c60f4809a88ed25c90679718457c,0x7e506cc945b47ed08ac2d985f61b47ce4068823c
0x0d55ea88b0b769f93873f5b9785ab804d376bf08,0x1b02da8cb0d097eb8d57a175b88c7d8b47997506
0xdf3031b20f90f9a4a436abc4c6c567c8ddff5651,0x1b02da8cb0d097eb8d57a175b88c7d8b47997506
0x6559f73a121bb2e1ffeaccf0cd187a01ceb0047c,0x7e506cc945b47ed08ac2d985f61b47ce4068823c
0xef1271ae97bc1a1b356ab697e9ed0d1d4e05fcda,0x1b02da8cb0d097eb8d57a175b88c7d8b47997506
0x8dd824df2900a3b3245d4ab72890209d8e0ab010,0x1a1ec25dc08e98e5e93f1104b5e5cdd298707d31
0xc12ce64bc1df166fd906d9e23727ebdf5506e71c,0x1a1ec25dc08e98e5e93f1104b5e5cdd298707d31
0x592fdd525008068dcaeee63c6f3a160a6187ece6,0xdf1a1b60f2d438842916c0adc43748768353ec25
0x07bd49ecae002a3df27e7bf8e361e8fbbc6a3f57,0x1b02da8cb0d097eb8d57a175b88c7d8b47997506
0x6861464ccd8e5993b218287f8f5079b38c8a6da1,0x172b9268dd945366b5401fb2c60ec46723dd0d3d
0x172b9268dd945366b5401fb2c60ec46723dd0d3d,0x1111111254fb6c44bac0bed2854e76f90643097d
0x4c732114eafedd82dc3804eee7cc878ff3d187c9,0x1b02da8cb0d097eb8d57a175b88c7d8b47997506
0xcaa8aef1f79b26d38c379a52b1137c4af7faceac,0xc6e45459a0dbee38dcf4913c431b314993c8d7f0
0x5d3266e87e5818a3ea2994d6917dcda0443e12c3,0x1b02da8cb0d097eb8d57a175b88c7d8b47997506
0x2349a1dec544f6eebb87183e2512adcd4033438f,0x1b02da8cb0d097eb8d57a175b88c7d8b47997506
0x82c41a90dbd3960c767c076e76d1041cdb4d0555,0xdef1c0ded9bec7f1a1670819833240f027b25eff
0x3f27c4e8af6c9ef1fea63c0e804e9fd6c2f144a4,0x7e506cc945b47ed08ac2d985f61b47ce4068823c
0x64cf5c61b80fd5104f3b72e63a94a982075ec435,0x1b02da8cb0d097eb8d57a175b88c7d8b47997506
0x82c41a90dbd3960c767c076e76d1041cdb4d0555,0x1b02da8cb0d097eb8d57a175b88c7d8b47997506
0x35977cf9b9a753d11e043452418d01f37d93084e,0x394db8d8d930ea5ac9bf94621cba0d439e2cb0b1
0x394db8d8d930ea5ac9bf94621cba0d439e2cb0b1,0x51f39b244d0c1d85c1b98d833959531b355ad1b4
0x250b6927f7a3804037185bbc57f84e8f7aedd542,0x1b02da8cb0d097eb8d57a175b88c7d8b47997506
0x67a857033e940fc996ae5e6ade8305989581ffc5,0x1b02da8cb0d097eb8d57a175b88c7d8b47997506
0xa738e35ad3f1f688d198bd8ea65c34b6f06a7f97,0x1b02da8cb0d097eb8d57a175b88c7d8b47997506
0xf24b2315e851e27d4f867e251e037e1c73a31285,0x1b02da8cb0d097eb8d57a175b88c7d8b47997506
0x41a55d0d4ca478ea978e2cf19ae7b3179b5f22dd,0x7e506cc945b47ed08ac2d985f61b47ce4068823c
0x23c7203f16132932527b9d8bb5e5265da0c71c4c,0x1b02da8cb0d097eb8d57a175b88c7d8b47997506
0x3a86a25a0465e221fb30f43c0487b0f7b903f088,0x7e506cc945b47ed08ac2d985f61b47ce4068823c
0x39c83a30f467b35a3955a412b970b03145460a7f,0x1b02da8cb0d097eb8d57a175b88c7d8b47997506
0x9fc739bba5fcc87c8170f500a93bf2f34970207f,0x28bf42bc5226a1849b6f9dcac4582e87ca9766c9
0x28bf42bc5226a1849b6f9dcac4582e87ca9766c9,0x1a1ec25dc08e98e5e93f1104b5e5cdd298707d31
0x28bf42bc5226a1849b6f9dcac4582e87ca9766c9,0x1b02da8cb0d097eb8d57a175b88c7d8b47997506
0x05c4b4f391ec827f54caa69adbbae6aad8141237,0x7e506cc945b47ed08ac2d985f61b47ce4068823c
0x7bc093973eb579ee660220b458c6730f9d03df78,0x1b02da8cb0d097eb8d57a175b88c7d8b47997506
0x6d5b3986d1f28e76e9e0a9bdef8df4f76d3c9d74,0x7e506cc945b47ed08ac2d985f61b47ce4068823c
0xd10ef1c65a28d16e311d548b194336afc0084283,0x83de478b0c75b926f14dc92aa9930a9d00488c8f
0xcaa8aef1f79b26d38c379a52b1137c4af7faceac,0xc6e45459a0dbee38dcf4913c431b314993c8d7f0
0x394651ee15d6321c259f87f36f8031d86bd17673,0x7e506cc945b47ed08ac2d985f61b47ce4068823c
0xcb928e3e4de117a7a7a7e8eba38046f4dde8d909,0x1b02da8cb0d097eb8d57a175b88c7d8b47997506
0x67a857033e940fc996ae5e6ade8305989581ffc5,0x7e506cc945b47ed08ac2d985f61b47ce4068823c
0x0f611738404060c92bc88df5d77189ace0e00e47,0x1a1ec25dc08e98e5e93f1104b5e5cdd298707d31
0x481db8e538f86dfd73889089d9408ca52f308ee5,0x1b02da8cb0d097eb8d57a175b88c7d8b47997506
0x864e8bb082cf1e6ab667fb8dd5925d2bcb9459fa,0x47b0ec1bea7d8ecc7cf70c3bf82c5f5d15a96b6d
0x864e8bb082cf1e6ab667fb8dd5925d2bcb9459fa,0x216b4b4ba9f3e719726886d34a177484278bfcae
0xb3501cf736fece08a8ee7b3aa9517e18d372356c,0x47b0ec1bea7d8ecc7cf70c3bf82c5f5d15a96b6d
0x38b8348c1bb31e2da3696f916db60db2c56a95ca,0x1b02da8cb0d097eb8d57a175b88c7d8b47997506
0xbd0de86bd18e1546d17fb8800bf7675d4e86ee65,0x52079cb2859d58444b368a2506e9ec0b2ff7e777
0xbec58c6f6d646ed3c7f66054dc2b72dad41671b8,0x7e506cc945b47ed08ac2d985f61b47ce4068823c
0xf843212b70bc0c6b0a98bfc8bf712f6bc9fa113a,0x1b02da8cb0d097eb8d57a175b88c7d8b47997506
0x392fa612154ccadd6b3b34048d4de84a4e2e0d8f,0x1b02da8cb0d097eb8d57a175b88c7d8b47997506
0x392fa612154ccadd6b3b34048d4de84a4e2e0d8f,0x1b02da8cb0d097eb8d57a175b88c7d8b47997506
0xe4e38bafbf9f9bcc66683fbe901ebf5983e71072,0x7e506cc945b47ed08ac2d985f61b47ce4068823c
0x08fdd5ed1f9a424779e0a62e67065045c260ef8f,0x87efe2ef328add435daf7ea30f0dc46dbf8d026c
0x87efe2ef328add435daf7ea30f0dc46dbf8d026c,0x7e506cc945b47ed08ac2d985f61b47ce4068823c
0xe10e8c19afcea83cd99414f5de09ef75515197ca,0x1b02da8cb0d097eb8d57a175b88c7d8b47997506
0xcaa8aef1f79b26d38c379a52b1137c4af7faceac,0xc6e45459a0dbee38dcf4913c431b314993c8d7f0
0xbbcd5364923972a8990f99d744f649cfe0d197e0,0x1b02da8cb0d097eb8d57a175b88c7d8b47997506
0xb723f4f3721369a8339b078985ec8fae9baecb75,0xf2b0189d1967eb376b43bbd20d8bad2f47ea31b2
0xf2b0189d1967eb376b43bbd20d8bad2f47ea31b2,0x1b02da8cb0d097eb8d57a175b88c7d8b47997506
0x42ff07a0ddc895b65bce052f0d5ebac7f9101fbc,0x1111111254fb6c44bac0bed2854e76f90643097d
0x5ea5719e5383622cabbf9f64d77f598a1047c7f8,0x7e506cc945b47ed08ac2d985f61b47ce4068823c
0xb57a6405e62993cbe072012e18792b15719a3218,0x7e506cc945b47ed08ac2d985f61b47ce4068823c
0x35977cf9b9a753d11e043452418d01f37d93084e,0x394db8d8d930ea5ac9bf94621cba0d439e2cb0b1
0x394db8d8d930ea5ac9bf94621cba0d439e2cb0b1,0x51f39b244d0c1d85c1b98d833959531b355ad1b4
0x0168d8e76bf2f7a2b12a8a9042452eeae18aab84,0x5b56fa8ead134837e1416de85c07a4dd53d79253
0xd7b56747935111c90440d7327f261c63e7b9f9c3,0x1b02da8cb0d097eb8d57a175b88c7d8b47997506
0xa6a79f401d4ba933fb32c02443986fd924e4ee43,0x7e506cc945b47ed08ac2d985f61b47ce4068823c
0xfdf33338228a8f35d8ef3d958bbe4d9fd10bf673,0x7e506cc945b47ed08ac2d985f61b47ce4068823c
0x5ea0fa9ec290be90a5adf3e4410af625836eb12d,0x1b02da8cb0d097eb8d57a175b88c7d8b47997506
0xf553b149b0066eaebe3ba94025037a1b350b9b66,0x1b02da8cb0d097eb8d57a175b88c7d8b47997506
0xf553b149b0066eaebe3ba94025037a1b350b9b66,0x1b02da8cb0d097eb8d57a175b88c7d8b47997506
0x445c372fc4005fe10dd09a1fcbd6be0433e23344,0x1b02da8cb0d097eb8d57a175b88c7d8b47997506
0xbf8727bd96bc1e89dde621498e23ca67b8d1dc6f,0x6b53d27ed12b5426bac92da370a3065124c7a0d6
0x6b53d27ed12b5426bac92da370a3065124c7a0d6,0x2914853419c064ad27d10abda0d0963e772bbad0
0x3a86a25a0465e221fb30f43c0487b0f7b903f088,0x958d28fd44c358f438c4b735ece1aa2f472c9ae7
0x3a86a25a0465e221fb30f43c0487b0f7b903f088,0x1b02da8cb0d097eb8d57a175b88c7d8b47997506
0x449cb68df33604a617fb59240a9a36f62e80d7a9,0x7e506cc945b47ed08ac2d985f61b47ce4068823c
0x449cb68df33604a617fb59240a9a36f62e80d7a9,0x7e506cc945b47ed08ac2d985f61b47ce4068823c
0x449cb68df33604a617fb59240a9a36f62e80d7a9,0x7e506cc945b47ed08ac2d985f61b47ce4068823c
0xa008bbbf99a8901cc9c27217f666dd6abdffdb99,0x1b02da8cb0d097eb8d57a175b88c7d8b47997506
0x4fff3b98e2079dd66c2f3bc86742009399f59d41,0x7e506cc945b47ed08ac2d985f61b47ce4068823c
0x597b71b1778e8b5d34a4fbd21c11f9846676b938,0x7e506cc945b47ed08ac2d985f61b47ce4068823c
0xb0c257cfec51161af0553705506f1fcee686bd84,0x0a3be0fb9010d255fd450f102a359a1e5ee11454
0x57d5a7fd32195a7347a05e3897042c46dd601b91,0x7e506cc945b47ed08ac2d985f61b47ce4068823c
0x0ae5f2deeaa313faa4a5d187328985d301e37021,0x7e506cc945b47ed08ac2d985f61b47ce4068823c
0x0ae5f2deeaa313faa4a5d187328985d301e37021,0x7e506cc945b47ed08ac2d985f61b47ce4068823c
0x5b2e99156f553d7a364db873afc81ba06c4d696c,0x1b02da8cb0d097eb8d57a175b88c7d8b47997506
0x968a0e5603c5d4dbf24cbd7df562921d158ad19c,0xe2665c6b02ea68e0cf3ef1a74b88155ef10243a0
0xeac263803f41669437d5fb8cb01cdeb2eddcd37b,0x7bb3217abdb8fe92dd0694b39485a8449b31dcd7
0x7bb3217abdb8fe92dd0694b39485a8449b31dcd7,0x7e506cc945b47ed08ac2d985f61b47ce4068823c
0xd1ce2131537b6735ff501de8010df87eae144b58,0x1111111254fb6c44bac0bed2854e76f90643097d
0xb4695a954f2f547ad44f88775b1ab04fe536fba3,0x1b02da8cb0d097eb8d57a175b88c7d8b47997506
0x9079a68554367a2ac5b5604756a35b763674b1ae,0x7e506cc945b47ed08ac2d985f61b47ce4068823c
0x836e0ef9637235f42c74fd34c4d02bbc6329623c,0x7e506cc945b47ed08ac2d985f61b47ce4068823c
0x39ed0a9370aabcb276283023a9e16612a54fb4ab,0xbf5077ddb60cfbf4c7fb3839e9b251413cd51671
0xf72d580a01163b6012ae7623df7621d75083913f,0x39ed0a9370aabcb276283023a9e16612a54fb4ab
0xcaa8aef1f79b26d38c379a52b1137c4af7faceac,0xc6e45459a0dbee38dcf4913c431b314993c8d7f0
0x6db591359fd45a2a1ac05664a7d602d7e7fbe543,0x1b02da8cb0d097eb8d57a175b88c7d8b47997506
0x8bcd7f21b9186612356962c68273fc279e3c4775,0x7e506cc945b47ed08ac2d985f61b47ce4068823c
0x8bcd7f21b9186612356962c68273fc279e3c4775,0x7e506cc945b47ed08ac2d985f61b47ce4068823c
0x39ed0a9370aabcb276283023a9e16612a54fb4ab,0xbf5077ddb60cfbf4c7fb3839e9b251413cd51671
0xf5ec52ea33d244c5ee5b7bfc5e2e0bb35a067d62,0x216b4b4ba9f3e719726886d34a177484278bfcae
0x6e54f4100b7e4fb0f996ee22e2efb1480a32a74e,0x20ebe1b05caffa822b4b982a8050f4011bd0b16c
0x6e54f4100b7e4fb0f996ee22e2efb1480a32a74e,0x7e506cc945b47ed08ac2d985f61b47ce4068823c
0x35977cf9b9a753d11e043452418d01f37d93084e,0x394db8d8d930ea5ac9bf94621cba0d439e2cb0b1
0x394db8d8d930ea5ac9bf94621cba0d439e2cb0b1,0x51f39b244d0c1d85c1b98d833959531b355ad1b4
0x5159455e9d988f6ddb490b7d2f7e69b0321f0e91,0x1a1ec25dc08e98e5e93f1104b5e5cdd298707d31
